,County,State,Age.Percent 65 and Older,Age.Percent Under 18 Years,Age.Percent Under 5 Years,Education.Bachelor's Degree or Higher,Education.High School or Higher,Employment.Nonemployer Establishments,Employment.Private Non-farm Employment,Employment.Private Non-farm Employment Percent Change,Employment.Private Non-farm Establishments,Ethnicities.American Indian and Alaska Native Alone,Ethnicities.Asian Alone,Ethnicities.Black Alone,Ethnicities.Hispanic or Latino,Ethnicities.Native Hawaiian and Other Pacific Islander Alone,Ethnicities.Two or More Races,Ethnicities.White Alone,"Ethnicities.White Alone, not Hispanic or Latino",Housing.Homeownership Rate,Housing.Households,Housing.Housing Units,Housing.Median Value of Owner-Occupied Units,Housing.Persons per Household,Housing.Units in Multi-Unit Structures,Income.Median Houseold Income,Income.Per Capita Income,Income.Persons Below Poverty Level,Miscellaneous.Building Permits,Miscellaneous.Foreign Born,Miscellaneous.Land Area,Miscellaneous.Language Other than English at Home,Miscellaneous.Living in Same House +1 Years,Miscellaneous.Manufacturers Shipments,Miscellaneous.Mean Travel Time to Work,Miscellaneous.Percent Female,Miscellaneous.Veterans,Population.2010 Population,Population.2014 Population,Population.Population Percent Change,Population.Population per Square Mile,Sales.Accommodation and Food Services Sales,Sales.Merchant Wholesaler Sales,Sales.Retail Sales,Sales.Retail Sales per Capita,Employment.Firms.American Indian-Owned,Employment.Firms.Asian-Owned,Employment.Firms.Black-Owned,Employment.Firms.Hispanic-Owned,Employment.Firms.Native Hawaiian and Other Pacific Islander-Owned,Employment.Firms.Total,Employment.Firms.Women-Owned
2926,Falls Church city,VA,11.4,26.6,7.3,74.4,97.3,1332,9487,1.1,865,0.5,9.3,5.3,9.5,0.1,4.3,80.6,72.3,59.4,5020,5496,660900,2.53,44.2,120000,59088,4.0,547,16.9,2.0,23.4,79.1,0,27.3,51.0,686,12332,13601,10.7,6169.1,562,0,2880,26089,0.0,0.0,0.0,0.0,0.0,1479,32.3
2826,Arlington County,VA,9.3,17.2,6.2,71.7,93.3,17539,132556,1.7,6219,0.7,10.3,9.1,15.7,0.1,3.2,76.6,62.8,45.2,94454,110601,584600,2.24,63.3,103208,62018,8.0,2160,23.0,25.97,29.0,78.9,0,27.3,49.9,12638,207627,226908,9.3,7993.6,11640,4531,24829,12176,0.6,9.5,6.0,8.0,0.0,19422,32.0
1810,Los Alamos County,NM,16.6,23.3,5.5,63.4,97.0,1044,0,0.0,377,1.3,6.4,0.7,16.7,0.1,2.5,89.0,73.6,75.4,7590,8312,284500,2.35,22.6,106686,51044,4.4,3,9.7,109.17,16.4,86.8,0,16.0,49.2,1809,17950,17682,-1.5,164.4,177,0,979,5279,0.0,2.7,0.0,6.1,0.0,1496,49.3
2915,Alexandria city,VA,10.1,17.8,7.5,61.4,91.2,13472,83411,0.1,4640,0.8,6.9,22.6,16.6,0.1,3.1,66.4,52.3,43.3,65369,75329,476700,2.17,63.1,85706,54608,8.4,1324,26.3,15.03,31.1,78.3,2845,30.5,51.6,10810,139966,150575,7.5,9314.3,4717,5257,23537,16785,0.8,7.6,14.0,6.8,0.0,15161,32.6
1205,Howard County,MD,12.2,24.6,6.0,60.0,94.9,24634,165518,5.3,8946,0.4,16.9,18.6,6.4,0.1,3.6,60.4,55.4,73.9,106142,115311,428100,2.74,24.7,109865,48172,4.6,1446,18.2,250.74,22.5,88.9,23683,30.6,51.0,18971,287085,309284,7.7,1144.9,5656,71708,45549,16622,0.6,13.5,14.9,2.6,0.0,30899,30.1
1858,New York County,NY,14.4,14.7,5.2,58.9,86.0,219326,2116201,2.6,105439,1.2,12.5,18.3,25.9,0.2,3.2,64.7,47.1,22.8,736192,867609,828100,2.1,98.5,69659,62498,17.7,5380,28.5,22.83,40.4,83.7,83150,30.3,52.8,41775,1585873,1636268,3.2,69467.5,171825,1087574,387975,23872,0.6,11.9,8.7,10.5,0.0,307128,30.6
2848,Fairfax County,VA,11.5,23.8,6.7,58.6,91.8,97330,584523,1.0,29556,0.7,19.2,10.0,16.4,0.1,3.5,66.6,52.0,69.0,389908,410287,476600,2.8,27.9,110292,50532,5.9,2249,29.5,390.97,37.3,85.7,20526,32.0,50.5,83545,1081726,1137538,5.2,2766.8,27057,132994,140023,13925,0.4,17.3,7.0,8.8,0.1,109512,31.3
250,Boulder County,CO,12.2,20.3,5.0,58.3,93.9,35710,139136,0.9,11696,0.8,4.5,1.1,13.8,0.1,2.6,90.8,78.3,63.1,120521,130938,350900,2.42,28.9,67956,38011,14.2,1371,10.9,726.29,16.5,76.2,38558,22.7,49.8,15432,294567,313333,6.4,405.6,6689,27821,40392,13660,0.5,2.4,0.5,3.5,0.0,42506,30.2
2872,Loudoun County,VA,7.9,29.4,7.7,57.9,93.8,27410,134845,3.6,8987,0.5,17.3,7.8,13.4,0.1,3.5,70.7,58.8,77.7,106997,123150,437700,3.04,16.4,122238,46565,3.6,3480,22.8,515.56,29.6,87.9,14001,33.1,50.4,20436,312311,363050,16.2,605.8,6101,14919,44695,16109,0.6,13.0,5.0,6.9,0.1,28697,31.7
1207,Montgomery County,MD,13.7,23.5,6.5,57.1,91.2,103731,419956,1.5,26739,0.7,15.2,18.8,18.7,0.1,3.2,62.0,46.0,67.3,360563,385721,446300,2.72,33.2,98221,49038,6.7,3839,32.2,491.25,39.1,85.8,32641,34.2,51.8,48402,971777,1030447,6.0,1978.2,18727,74266,132557,14080,0.7,12.1,12.4,10.0,0.1,115471,32.4
293,Pitkin County,CO,15.6,16.3,3.7,56.8,96.0,3528,16314,3.1,1559,0.5,1.4,0.8,9.9,0.1,1.5,95.7,86.5,68.7,7507,13039,611200,2.27,38.8,72745,51814,10.1,98,12.2,970.7,16.5,84.2,0,17.0,47.6,950,17148,17626,2.8,17.7,2708,646,3995,26461,0.0,0.0,0.0,2.9,0.0,5100,26.5
262,Douglas County,CO,9.9,28.3,6.3,55.8,97.5,28689,91934,5.2,8040,0.5,4.3,1.4,8.3,0.1,2.4,91.3,83.9,80.9,103780,113777,335600,2.82,15.8,101591,43634,3.9,3230,6.4,840.25,8.8,85.4,19508,27.7,50.3,19635,285465,314638,10.2,339.7,4350,0,37654,13846,0.0,2.4,0.0,3.1,0.0,32992,27.7
1957,Orange County,NC,11.2,20.4,4.7,55.8,91.0,12185,38205,1.6,3092,0.6,7.7,12.2,8.4,0.1,2.5,76.8,69.6,60.5,51403,56488,272600,2.45,28.2,55569,34465,17.8,304,12.8,397.96,15.9,76.5,0,22.0,52.2,5892,133801,140420,5.0,336.2,2756,5805,11952,9583,0.9,2.8,6.4,0.0,0.0,12898,35.5
725,Hamilton County,IN,10.4,28.5,6.8,55.1,96.3,24778,114197,3.6,8081,0.2,5.6,4.1,3.8,0.1,1.8,88.2,84.9,79.2,103234,116286,215600,2.73,15.9,82468,39521,5.1,3684,7.2,394.27,9.3,86.9,15699,26.5,51.2,15778,274569,302623,10.2,696.4,4371,27794,32954,12582,0.0,3.1,1.8,1.4,0.0,28209,27.6
206,Marin County,CA,19.4,20.5,4.8,54.6,92.4,36468,98110,4.0,9654,1.1,6.1,2.9,16.0,0.3,3.7,86.0,72.2,62.8,102912,112295,781900,2.39,26.9,90839,56791,7.7,390,19.0,520.31,23.0,85.0,3972,28.6,51.2,15439,252409,260750,3.3,485.1,6265,23730,45893,18648,0.0,0.0,0.9,0.0,0.0,42712,33.9
270,Gunnison County,CO,11.2,17.9,4.8,54.5,93.3,2243,6056,-1.6,1053,2.5,0.7,0.5,9.3,0.0,1.8,94.5,87.5,59.1,6293,11574,329500,2.27,28.3,52332,27654,17.7,58,4.3,3239.1,9.2,73.3,0,13.4,45.9,1031,15324,15725,2.6,4.7,896,0,2115,14116,0.0,0.0,0.0,0.0,0.0,3300,21.3
301,San Miguel County,CO,10.4,18.9,4.7,53.5,96.1,1660,4430,3.2,614,1.4,0.9,0.7,9.6,0.1,1.6,95.3,87.1,64.4,3234,6736,448000,2.31,41.7,63594,40827,10.6,36,8.4,1286.61,10.0,78.8,0,19.3,46.9,396,7359,7840,6.5,5.7,771,0,978,13114,0.0,0.0,0.0,3.1,0.0,2294,23.3
2521,Williamson County,TN,11.6,28.1,5.8,52.8,94.6,22194,100666,4.5,6227,0.3,3.7,4.5,4.7,0.1,1.4,90.0,85.6,81.3,66364,73793,334900,2.84,12.3,89779,41292,5.7,1902,5.9,582.6,7.5,87.3,11068,26.7,51.2,9342,183182,205226,12.0,314.4,3834,27559,33069,19834,0.0,1.4,2.2,1.4,0.0,25339,22.5
223,San Francisco County,CA,14.4,13.4,4.6,52.4,86.3,89078,542366,3.8,32360,0.8,34.9,5.8,15.3,0.5,4.2,53.8,41.2,36.6,345344,386564,744600,2.31,67.7,75604,48486,13.5,2711,35.6,46.87,45.0,84.1,20774,30.5,49.1,29478,805235,852469,5.9,17179.1,50391,105621,123999,15516,0.0,24.0,2.7,6.6,0.2,105030,30.1
319,District of Columbia,DC,11.3,17.5,6.5,52.4,88.4,52262,491130,1.7,21919,0.6,4.0,49.0,10.4,0.2,2.6,43.6,35.8,42.1,263649,306174,445200,2.2,62.3,65830,45290,18.6,4189,13.8,61.05,15.8,80.6,3328,29.7,52.6,30520,601723,658893,9.5,9856.6,42781,21179,38437,6555,0.9,5.9,28.2,6.1,0.0,55887,34.5
2821,Albemarle County,VA,16.5,21.0,5.5,52.2,91.4,8591,37158,0.6,2569,0.4,4.9,9.9,5.7,0.1,2.5,82.3,77.5,66.1,37964,43924,319200,2.47,23.8,67725,37239,10.2,404,9.8,720.7,11.3,83.3,3071,22.2,52.2,6838,98970,104489,5.5,137.3,1201,5305,16893,18213,0.0,3.1,5.8,1.7,0.0,9876,28.3
2925,Fairfax city,VA,15.4,23.5,9.0,51.9,92.0,2866,29657,8.1,2207,0.8,17.0,5.4,16.6,0.1,3.4,73.3,58.8,68.4,8492,8810,456700,2.65,23.7,97242,44345,7.2,54,25.2,6.24,31.8,81.7,0,31.7,50.7,1752,22565,24483,8.6,3616.8,1402,1922,18840,80800,0.0,22.1,4.1,8.9,0.0,5919,28.7
933,Johnson County,KS,12.7,25.3,6.7,51.7,95.6,46526,314916,3.3,17242,0.4,4.7,5.0,7.4,0.0,2.4,87.5,80.7,70.1,216304,233182,210900,2.53,22.7,74717,38827,6.5,2689,8.1,473.38,11.2,84.7,78476,20.7,51.0,33775,544179,574272,5.5,1149.6,10829,162520,92553,17598,0.8,3.3,2.1,1.9,0.0,57046,28.3
1311,Washtenaw County,MI,12.0,19.7,5.3,51.3,94.0,27876,143487,3.3,7971,0.4,8.7,12.8,4.4,0.1,3.3,74.6,71.0,60.8,135800,148470,198400,2.42,33.0,59055,33231,15.4,570,11.4,705.97,14.2,77.1,53317,23.0,50.7,16860,344791,356874,3.4,488.4,6135,36309,36810,10584,0.0,4.9,7.5,0.0,0.0,32615,33.1
840,Johnson County,IA,9.9,20.4,6.2,51.1,94.8,8843,59466,3.6,3186,0.3,6.0,5.9,5.5,0.0,2.4,85.4,80.6,59.7,54005,58783,186000,2.33,34.8,53424,29592,17.7,1080,9.3,614.04,13.3,73.4,0,18.2,50.2,6630,130882,142287,8.7,213.1,2587,5676,16530,13168,0.0,2.4,1.8,1.6,0.0,9323,26.7
1791,Somerset County,NJ,14.1,23.2,5.5,51.1,93.2,25267,184467,0.8,9925,0.3,16.6,9.9,14.2,0.1,1.9,71.2,58.7,78.0,115531,126015,398800,2.79,25.3,99020,47803,5.0,1310,23.3,301.81,29.6,92.2,64015,31.7,51.3,13757,323444,332568,2.8,1071.7,6561,146345,57559,17946,0.0,11.1,5.7,6.4,0.0,32225,27.5
1225,Middlesex County,MA,14.0,20.6,5.6,50.7,92.1,125980,836076,2.8,42829,0.3,11.1,5.5,7.5,0.1,2.2,80.9,74.6,62.7,581120,618931,398200,2.52,44.5,82090,42861,8.1,3241,19.3,817.82,25.0,86.0,224826,28.4,51.2,74275,1503085,1570315,4.5,1837.9,32502,328733,196611,13325,0.3,6.2,2.7,2.8,0.1,154765,31.1
2063,Delaware County,OH,11.5,27.6,6.1,50.5,96.0,15548,75839,1.5,4144,0.2,5.4,3.5,2.4,0.0,1.8,89.0,86.9,82.3,64208,69650,246300,2.73,13.4,89757,40189,4.9,914,6.1,443.1,8.1,88.4,23145,25.3,50.4,10274,174214,189113,8.6,393.2,3441,9984,23314,14508,0.0,4.2,2.1,0.0,0.0,16117,28.9
1787,Morris County,NJ,15.4,22.3,5.1,50.0,93.5,40290,274566,-1.4,16761,0.3,10.1,3.6,12.8,0.0,1.7,84.2,72.5,75.9,179665,191473,432400,2.71,25.4,98633,48814,4.4,1591,18.5,460.18,23.9,92.2,76316,30.0,51.0,23769,492276,499727,1.5,1069.8,11297,174400,87563,18032,0.0,7.2,2.1,5.2,0.0,52546,24.3
2209,Benton County,OR,14.3,16.9,4.1,50.0,94.6,5510,25350,1.5,2081,0.9,6.0,1.1,7.0,0.3,3.6,88.2,82.1,57.9,33384,37107,270500,2.42,29.3,48604,26738,22.5,451,8.8,675.94,12.0,78.5,5904,18.9,49.9,5561,85579,86316,0.9,126.6,1340,3870,6851,8398,0.0,3.4,0.0,0.0,0.0,7157,29.3
2919,Charlottesville city,VA,9.5,15.6,5.7,49.9,88.2,3768,31317,1.7,2013,0.4,7.1,19.2,4.9,0.1,3.2,69.9,66.1,40.5,17443,20291,293000,2.33,40.6,44601,27268,27.5,173,12.3,10.24,13.9,72.1,6770,17.4,51.7,1742,43475,45593,5.0,4246.4,3035,2034,6993,16950,0.0,3.3,0.0,1.3,0.0,4915,25.8
2952,Williamsburg city,VA,15.8,10.6,3.2,49.8,91.7,827,9728,1.4,513,0.3,6.4,15.0,7.1,0.1,3.1,75.1,69.2,44.7,4391,4978,311800,2.29,41.6,48616,23127,19.5,258,8.3,9.02,10.3,59.1,0,19.2,53.5,957,14068,14691,7.4,1559.3,2395,0,3230,26058,0.0,0.0,0.0,0.0,0.0,1437,22.7
910,Douglas County,KS,10.3,19.0,5.2,49.6,95.1,7712,36252,-1.7,2635,2.7,4.6,4.6,5.8,0.1,3.7,84.3,79.7,52.0,43398,48278,180300,2.38,31.7,49508,26342,19.0,347,6.5,455.87,9.9,71.6,9764,20.1,50.1,5957,110826,116585,5.2,243.1,2137,0,12022,10601,1.2,1.8,2.2,0.0,0.0,10251,31.2
1882,Tompkins County,NY,12.3,15.4,4.2,49.3,93.1,7170,46909,0.8,2346,0.4,10.4,4.4,4.7,0.1,3.2,81.5,77.9,56.3,38409,42080,169200,2.31,36.0,51393,27418,20.5,301,12.6,474.65,14.7,73.9,7428,19.0,50.7,4764,101564,104691,3.0,214.0,1777,1896,10182,10141,0.0,5.3,0.9,0.0,0.0,9665,32.1
2565,Collin County,TX,9.7,27.2,6.5,49.3,93.4,75827,336461,7.1,19906,0.7,12.9,9.6,15.1,0.1,2.5,74.2,60.4,68.2,289752,327567,206100,2.79,25.2,82762,37839,7.8,10635,17.6,841.23,24.8,85.5,74337,27.5,50.9,42843,782341,885241,13.2,930.0,13804,93748,123507,16850,0.9,10.0,4.6,7.2,0.0,78539,28.0
1227,Norfolk County,MA,15.7,21.6,5.4,49.2,93.7,52921,329894,2.6,19597,0.2,10.2,6.9,4.0,0.0,1.8,80.9,77.8,69.3,257451,272940,391100,2.56,37.2,84916,44692,6.6,1594,15.5,396.11,19.0,88.7,103407,31.5,52.1,38108,670850,692254,3.2,1693.6,12940,123988,112414,17133,0.3,6.2,2.9,1.5,0.0,68025,30.0
2991,Whitman County,WA,10.0,15.2,4.7,48.9,96.2,1962,9777,0.9,828,0.7,7.7,2.3,5.6,0.3,3.9,85.1,80.3,46.2,16624,19964,182300,2.35,40.2,36257,21208,32.6,218,9.4,2159.09,12.4,65.4,0,15.4,48.9,2526,44776,46827,4.6,20.7,489,3888,2710,6598,0.0,0.0,0.0,0.0,0.0,2531,21.5
2798,Summit County,UT,9.8,26.2,6.0,48.7,93.1,5615,26100,4.0,2144,0.6,1.7,0.7,11.6,0.2,1.5,95.4,84.7,74.4,13627,27215,485700,2.72,30.3,83336,42462,8.5,286,10.6,1871.71,12.8,87.1,0,24.1,48.9,1912,36324,39105,7.7,19.4,2288,1658,6598,18614,0.0,0.0,0.0,2.6,0.0,6422,25.3
3139,Teton County,WY,12.2,19.1,5.7,48.7,96.8,4609,15357,0.3,1952,1.0,1.3,1.2,15.2,0.1,1.5,94.9,80.9,59.1,7583,13269,660100,2.76,29.5,68078,43444,8.2,145,9.1,3995.38,15.1,86.0,0,14.5,48.2,1353,21294,22930,7.7,5.3,3273,0,5156,25688,0.0,0.5,0.0,3.3,0.0,5974,25.3
2258,Chester County,PA,14.5,23.5,5.7,48.5,92.8,39966,239228,4.5,13950,0.3,4.8,6.4,7.1,0.1,1.7,86.7,80.6,75.7,184788,195644,325200,2.64,17.6,86050,42210,6.9,1459,9.0,750.51,11.8,89.8,67530,27.4,50.8,31143,498886,512784,2.7,664.7,7832,85714,113384,23255,0.0,2.8,2.3,1.4,0.0,49835,26.5
446,Fulton County,GA,10.4,23.2,6.4,48.2,90.4,99463,723886,3.1,33874,0.3,6.7,44.3,7.6,0.1,2.0,46.7,40.5,53.9,368184,448897,238200,2.49,43.9,56857,36757,17.6,8098,12.9,526.64,16.7,79.9,104284,27.0,51.4,47038,920581,996319,8.2,1748.0,41338,408241,132396,13363,0.5,5.4,26.7,3.2,0.0,106113,32.3
298,Routt County,CO,12.3,19.2,4.4,48.0,96.9,3543,16630,-7.3,1592,0.6,0.8,0.6,7.0,0.1,1.5,96.4,90.1,70.6,9647,16387,390100,2.38,33.0,62002,34873,9.1,132,3.5,2362.03,4.7,81.3,0,17.3,47.6,1171,23509,23865,1.5,10.0,1843,1878,4214,18866,0.5,0.0,0.0,0.0,0.0,4913,20.3
1981,Wake County,NC,10.0,25.0,6.5,48.0,91.6,76044,409573,3.7,26040,0.8,6.4,21.3,10.0,0.1,2.3,69.0,61.0,65.2,348627,402020,229000,2.6,26.6,66006,33166,11.0,10125,12.8,835.22,16.6,83.3,140916,23.7,51.3,54713,900993,998691,10.8,1078.8,17266,113343,125981,15147,0.4,4.8,12.0,3.8,0.0,82932,28.6
3120,Albany County,WY,9.8,16.5,5.2,48.0,95.3,2453,9773,-1.1,1024,1.1,3.1,1.8,9.4,0.1,2.4,91.6,83.4,51.3,15257,18726,201500,2.25,33.3,42774,24758,26.0,99,5.4,4273.84,9.7,68.8,0,12.3,47.7,2289,36299,37811,4.2,8.5,657,1134,4687,14433,0.0,0.0,0.0,3.9,0.0,3318,32.2
303,Summit County,CO,10.8,16.3,4.6,47.7,95.7,4139,18614,2.0,2140,1.1,1.0,1.0,14.7,0.1,1.4,95.4,82.3,65.9,11138,30405,460000,2.48,56.5,63697,34025,13.7,207,11.9,608.36,15.2,79.2,0,16.8,45.9,1417,27994,29404,5.0,46.0,2816,0,6410,24434,0.0,0.0,0.0,0.0,0.0,5751,27.5
873,Story County,IA,10.7,17.1,4.9,47.7,95.5,5377,30774,3.6,2006,0.3,7.0,2.8,3.1,0.0,1.7,88.2,85.5,55.0,35196,38103,162200,2.34,37.2,50516,25986,20.9,539,8.3,572.82,9.3,67.8,19708,17.8,48.1,4787,89542,94073,5.1,156.3,1510,4320,9683,11361,0.0,2.1,0.0,0.0,0.0,7365,23.6
1783,Hunterdon County,NJ,15.7,21.2,3.9,47.6,94.2,11463,45457,1.5,3877,0.2,3.7,2.7,6.2,0.1,1.2,92.0,86.5,84.5,46816,49705,404300,2.61,14.9,106143,50349,4.0,348,8.4,427.82,10.8,91.7,0,33.6,50.6,7291,128349,126067,-1.0,300.0,1757,6294,21866,16865,0.0,3.4,0.0,0.0,0.0,15120,29.8
251,Broomfield County,CO,12.2,24.7,6.0,47.5,94.9,5010,33426,7.1,1810,0.8,6.3,1.4,12.0,0.1,2.5,88.8,78.0,68.3,22016,25900,275900,2.59,25.0,77998,37442,7.1,820,8.6,33.03,13.8,81.1,22554,26.2,50.4,3824,55889,62138,11.2,1691.9,1634,0,11398,21240,0.0,3.9,1.3,2.0,0.0,6284,0.0
290,Ouray County,CO,24.6,17.0,3.4,47.5,98.4,873,963,4.0,263,0.5,0.6,0.2,5.5,0.1,1.8,96.8,91.9,75.4,1943,3151,383900,2.3,10.6,64601,33015,5.6,33,2.9,541.59,6.4,79.8,0,22.8,50.9,551,4436,4629,4.4,8.2,212,10,269,6131,0.0,0.0,0.0,0.0,0.0,1117,26.5
2809,Chittenden County,VT,13.2,18.7,4.9,47.4,93.9,13650,89448,6.3,5523,0.3,3.5,2.4,2.2,0.0,2.1,91.7,89.9,65.1,62587,67271,267500,2.37,35.1,63989,33281,11.2,533,7.2,536.58,8.4,81.5,48235,20.1,51.1,9404,156545,160531,2.5,291.7,3607,23924,27409,18188,0.0,0.0,0.8,1.0,0.0,17895,28.2
1492,Boone County,MO,10.5,20.5,6.0,47.3,93.0,10871,71502,2.1,4447,0.4,4.4,9.6,3.2,0.1,2.8,82.6,80.0,57.1,65649,73174,162200,2.38,29.4,48627,26895,20.0,1414,6.3,685.41,8.3,73.3,0,18.2,51.6,9703,162642,172717,6.2,237.3,3151,6103,30122,19777,0.3,2.4,0.0,0.9,0.0,14676,24.6
263,Eagle County,CO,8.1,23.2,6.1,47.0,88.7,6887,29062,-3.3,3217,1.4,1.2,1.0,30.0,0.1,1.2,95.1,67.1,66.0,17966,31528,453300,2.9,38.9,74456,39497,10.9,256,19.2,1684.53,29.6,87.8,0,20.0,47.0,1763,52197,52921,1.4,31.0,4696,0,9287,18367,1.0,0.0,0.0,3.6,0.0,9437,26.3
2970,King County,WA,12.2,21.0,6.2,46.6,92.1,151561,1051249,3.3,64171,1.1,16.4,6.7,9.4,0.8,4.9,70.1,62.4,58.2,802606,880462,377300,2.42,38.2,71811,39911,11.5,14703,20.7,2115.57,25.9,81.5,373907,27.0,50.0,119707,1931249,2079967,7.7,912.9,54789,410426,371538,20002,0.9,10.9,3.3,2.8,0.3,196686,29.0
3060,Dane County,WI,11.9,21.1,6.0,46.6,94.7,35012,259423,1.8,13388,0.5,5.6,5.4,6.2,0.1,2.5,86.1,80.7,59.5,206982,222374,228800,2.33,38.8,61721,33712,12.9,3543,8.0,1197.24,11.6,80.0,69681,20.8,50.4,28261,488073,516284,5.8,407.7,9167,60429,71324,14976,0.3,1.9,2.5,1.1,0.0,41464,27.5
228,Santa Clara County,CA,12.2,23.1,6.5,46.5,86.5,128730,926766,3.5,46212,1.3,34.9,2.9,26.6,0.5,4.0,56.4,33.3,57.5,609377,651156,645600,2.92,33.0,91702,41513,10.2,9932,37.1,1290.1,51.2,84.5,450887,25.0,49.7,66749,1781642,1894605,6.3,1381.0,41475,606440,264914,15367,1.0,28.5,0.0,10.8,0.4,156084,29.7
616,DuPage County,IL,13.5,23.4,5.9,46.3,92.1,77413,583086,1.5,33329,0.4,11.4,5.2,14.1,0.1,1.8,81.1,68.1,74.4,336028,357407,286500,2.71,27.7,78487,38570,6.9,1341,18.4,327.5,26.3,88.2,168624,28.9,51.0,42246,916924,932708,1.7,2799.8,22262,495749,180433,19550,0.0,8.4,2.3,4.0,0.0,101546,26.1
1613,Gallatin County,MT,11.2,20.5,5.8,46.0,96.1,11075,38950,4.1,4962,1.0,1.4,0.4,3.1,0.1,1.9,95.1,92.4,61.8,36973,44870,261900,2.36,28.2,52833,28939,14.1,1191,2.7,2602.69,4.2,75.2,5126,16.8,48.6,5744,89513,97308,8.7,34.4,3257,5088,17917,20524,0.8,0.5,0.0,1.1,0.0,14742,23.7
1775,Bergen County,NJ,16.0,21.7,5.2,45.9,91.3,86102,429410,3.0,31524,0.4,16.3,6.8,18.5,0.1,1.9,74.4,58.6,65.6,335422,356335,451400,2.69,40.9,83794,43347,7.2,3408,29.6,233.01,38.7,92.4,119738,30.8,51.6,37238,905116,933572,3.1,3884.5,18483,661178,164749,18602,0.3,13.3,4.6,8.4,0.0,106754,27.1
1340,Hennepin County,MN,12.5,22.3,6.6,45.8,92.3,99234,865255,1.7,39230,1.2,7.2,12.6,6.8,0.1,3.1,75.9,70.3,63.7,481263,522864,230900,2.38,36.3,64403,37485,12.8,4665,12.9,553.59,16.7,82.6,209576,22.7,50.8,65058,1152425,1212064,5.2,2081.7,32791,344725,222788,19646,0.7,3.4,5.2,1.3,0.0,123360,28.8
1445,Madison County,MS,12.3,25.6,6.5,45.8,89.2,9961,45064,5.3,2897,0.4,2.4,38.3,2.8,0.1,0.8,58.1,55.9,70.3,36342,41147,201200,2.63,19.2,59904,33170,12.7,742,4.0,714.51,5.8,88.6,64719,23.0,52.1,5516,95203,101688,6.8,133.2,1805,33059,12684,14172,0.0,1.9,17.5,0.0,0.0,11036,24.7
2866,James City County,VA,22.8,21.0,5.1,45.8,93.5,4882,26035,-1.6,1651,0.4,2.6,13.6,5.5,0.1,2.7,80.6,76.0,76.2,26883,31742,327100,2.5,17.4,76960,39133,8.7,709,7.2,142.44,7.2,88.4,15672,24.5,51.7,8923,67009,72583,7.7,470.4,1643,1400,6588,10752,0.0,0.0,6.2,0.0,0.0,6530,26.2
2289,Montgomery County,PA,16.4,22.0,5.6,45.5,93.5,66225,480721,1.4,25988,0.2,7.4,9.4,4.8,0.1,1.9,81.0,77.1,73.2,307488,327451,292600,2.55,24.4,79183,41472,6.1,1752,9.7,483.04,12.5,89.7,203987,27.5,51.4,50355,799874,816857,2.1,1655.9,14779,120124,151512,19534,0.0,4.6,3.3,0.0,0.0,84682,25.9
1887,Westchester County,NY,15.6,22.9,5.7,45.4,87.6,92896,377971,-0.1,31680,0.8,6.2,16.1,23.7,0.1,2.3,74.4,55.0,61.9,343561,369864,518400,2.71,49.1,81946,47984,9.5,584,25.0,430.5,32.7,89.7,41228,32.1,51.7,38943,949113,972634,2.5,2204.7,17992,200595,142050,15007,0.0,5.5,8.9,10.0,0.0,120727,29.6
1921,Durham County,NC,11.1,22.0,7.0,45.1,86.9,20690,166032,1.8,6795,1.0,4.9,38.6,13.4,0.1,2.4,53.0,42.2,55.0,111276,128817,180600,2.36,34.5,51853,29347,18.5,1591,13.9,285.98,19.4,76.4,93595,21.5,52.1,15057,267587,294460,9.1,935.7,7293,76572,31353,12257,0.3,4.1,24.6,3.7,0.0,22104,34.0
2981,San Juan County,WA,29.4,14.1,3.0,45.1,94.5,2461,4062,3.8,939,0.9,1.5,0.6,5.9,0.1,2.5,94.5,89.4,71.5,7753,13721,472900,2.01,7.5,53376,37719,10.8,109,6.5,173.92,7.2,85.6,0,14.6,51.9,1544,15769,16015,1.6,90.7,633,0,1552,10161,0.0,0.0,0.0,0.0,0.0,3507,34.0
968,Riley County,KS,7.9,17.6,6.9,45.0,95.4,3140,20159,-0.4,1568,0.8,4.8,6.9,8.1,0.2,3.2,84.0,77.1,42.5,25895,29713,170400,2.47,39.7,43962,22948,23.2,294,6.4,609.77,8.3,74.9,0,16.2,46.6,5064,71115,75194,5.7,116.6,1254,932,7286,10498,1.1,1.9,0.8,0.0,0.0,3595,28.7
2749,Travis County,TX,8.4,23.0,6.9,44.9,87.0,101952,514749,4.9,31086,1.3,6.5,8.9,33.9,0.1,2.4,80.7,49.7,51.8,411876,474929,219200,2.53,39.8,58025,33206,17.4,12673,17.8,990.2,31.3,76.5,282946,24.1,49.6,53933,1024266,1151145,12.4,1034.4,28337,141198,138794,14302,0.9,5.0,3.9,13.2,0.0,103385,28.2
3093,Ozaukee County,WI,17.5,22.0,5.0,44.9,96.1,6620,36758,-1.1,2732,0.3,2.2,1.5,2.7,0.0,1.1,94.8,92.4,77.8,34108,36722,250200,2.51,21.6,75457,42041,5.2,264,4.0,233.08,6.4,90.4,31618,23.7,50.9,6097,86395,87470,1.2,370.7,1248,7074,9765,11432,0.3,1.5,0.4,0.0,0.0,8559,26.2
308,Fairfield County,CT,14.4,23.6,5.7,44.8,89.0,88363,403375,-0.5,26972,0.5,5.5,12.2,18.7,0.1,2.0,79.8,63.8,69.0,332655,364954,432100,2.73,35.1,82283,48721,9.1,1889,20.3,624.89,28.2,88.8,200283,28.2,51.2,41615,916829,945438,3.1,1467.2,18619,788816,157022,17661,0.4,3.3,4.7,5.9,0.0,108910,28.6
557,Blaine County,ID,15.8,23.2,5.2,44.7,90.6,3337,10413,10.2,1339,1.5,1.0,0.3,20.7,0.2,1.4,95.5,76.9,70.1,9207,15121,375000,2.28,30.4,64042,35524,8.3,89,13.6,2643.59,20.5,85.1,0,16.9,49.2,1347,21376,21482,0.5,8.1,1533,2858,3560,16414,0.0,0.0,0.0,2.4,0.0,4416,23.7
2313,Newport County,RI,19.3,18.5,4.4,44.7,92.7,7428,29934,-0.8,2710,0.5,1.8,4.1,5.3,0.1,2.7,90.7,86.7,62.6,34774,41861,355800,2.28,29.3,71713,40293,8.3,185,6.9,102.39,9.4,83.8,3460,22.1,50.9,8576,82888,82358,-0.9,809.6,3430,2639,10962,13483,0.0,1.4,1.7,2.2,0.0,9794,24.3
1323,Carver County,MN,10.0,27.9,6.5,44.5,95.5,7504,37157,2.6,2443,0.3,3.0,1.6,4.1,0.0,1.7,93.5,89.8,81.7,33486,36336,264700,2.74,13.2,83773,37457,5.0,623,5.9,354.33,9.0,87.8,31495,25.6,50.4,4834,91042,97338,6.9,256.9,910,14843,8071,9139,0.0,0.7,0.0,0.6,0.0,9282,28.2
226,San Mateo County,CA,14.7,21.5,6.1,44.4,88.6,63460,347658,4.4,20342,0.9,27.7,3.0,25.3,1.6,4.4,62.5,40.4,59.4,257941,273539,722200,2.79,33.2,88202,45732,7.6,1461,34.0,448.41,46.0,87.6,179182,25.7,50.8,32332,718451,758581,5.6,1602.2,21071,126077,101988,14625,0.9,18.6,1.6,11.7,0.5,74604,29.9
355,Leon County,FL,11.4,19.1,5.2,44.2,91.8,19062,94117,2.1,7396,0.3,3.3,31.6,6.1,0.1,2.1,62.6,57.5,53.8,110377,126724,183300,2.4,31.7,46369,26196,23.2,1114,6.5,666.85,9.6,72.8,5934,19.9,52.5,17802,275487,283988,3.1,413.1,5516,7911,35338,13451,0.0,3.1,15.0,4.1,0.0,24022,29.8
579,Latah County,ID,11.8,18.5,5.8,44.1,95.3,2444,8299,-1.2,885,0.9,1.9,1.1,4.1,0.2,2.7,93.3,89.8,56.7,14941,16330,189100,2.31,34.2,41735,22322,20.4,136,3.8,1076.0,6.2,70.4,0,18.0,48.5,2141,37244,38411,3.1,34.6,551,0,3616,9697,0.0,0.0,0.0,0.0,0.0,3444,26.2
1226,Nantucket County,MA,13.4,20.9,6.4,44.0,94.0,2322,4400,11.4,934,0.2,1.4,8.1,12.8,0.0,1.8,88.4,76.7,65.8,4069,11822,929700,2.4,10.4,85478,47331,10.4,149,16.6,44.97,13.0,90.0,0,12.1,48.9,510,10172,10856,6.7,226.2,889,397,3428,30997,0.0,0.0,0.0,0.0,0.0,3017,24.3
279,Larimer County,CO,13.9,20.5,5.4,43.8,94.4,28499,112150,2.0,9723,1.0,2.2,1.1,11.1,0.1,2.4,93.2,83.5,65.6,121423,138534,247100,2.45,21.8,58626,30740,14.1,2498,5.4,2596.0,9.0,78.8,32267,22.6,50.2,22809,299630,324122,8.2,115.4,6043,12651,39228,13672,0.5,1.8,0.4,3.6,0.0,34660,29.7
444,Forsyth County,GA,11.1,28.9,6.2,43.8,91.4,17610,64358,5.2,5513,0.5,9.1,3.5,9.7,0.1,1.6,85.2,76.4,85.6,58080,71045,258200,3.14,4.0,86569,34582,7.6,3194,13.8,224.02,18.1,89.1,23186,29.9,50.3,10111,175511,204302,16.4,783.5,1831,25034,19609,12382,0.5,4.3,1.9,4.4,0.0,19448,27.5
419,Cobb County,GA,10.6,24.6,6.6,43.7,90.8,71103,302767,-0.3,19159,0.5,5.1,27.3,12.7,0.1,2.4,64.6,53.9,66.4,261242,292870,196700,2.64,24.9,63920,33069,12.8,3103,15.1,339.55,20.3,81.2,56516,29.5,51.6,44559,688078,730981,6.2,2026.4,13934,155248,104807,15157,0.7,4.8,18.6,5.5,0.1,77945,31.7
2311,Bristol County,RI,18.8,19.6,4.0,43.7,89.8,4166,12710,3.0,1231,0.2,1.8,1.1,2.4,0.0,1.6,95.3,93.2,72.4,19174,20803,341000,2.42,29.3,71238,38893,6.4,30,9.0,24.16,13.1,87.6,4965,25.8,51.8,3324,49875,49060,-1.6,2064.0,682,2274,2957,5917,0.0,1.1,0.0,1.6,0.0,4937,33.9
813,Dallas County,IA,11.2,28.6,8.2,43.6,94.4,5486,34419,1.1,1718,0.4,3.6,1.8,6.3,0.1,1.4,92.7,87.0,77.4,26262,29884,184100,2.63,17.5,73847,35844,6.4,661,6.6,588.45,8.6,86.9,5741,20.5,51.0,3902,66135,77400,17.0,112.4,1103,2182,9057,15813,0.0,2.2,0.6,1.1,0.0,6613,19.9
2315,Washington County,RI,17.9,18.0,3.8,43.5,92.7,11092,40756,2.6,3723,0.9,2.1,1.4,3.0,0.0,1.8,93.7,91.3,74.5,49430,62893,321900,2.44,18.3,72138,37023,8.9,251,4.3,329.24,6.6,87.0,17569,25.9,51.7,9875,126979,126653,-0.3,385.7,2727,14531,17266,13619,0.4,1.1,0.7,1.0,0.0,14253,26.0
749,Monroe County,IN,11.4,16.1,4.5,43.4,91.9,8760,49288,0.6,2901,0.3,6.4,3.5,3.3,0.1,2.4,87.3,84.5,54.0,53914,60112,156300,2.32,34.6,40052,23032,25.1,521,7.9,394.51,9.9,67.7,17992,18.2,50.2,7448,137974,143339,3.9,349.7,2877,6831,15307,11968,0.0,2.3,1.8,1.5,0.0,10571,25.2
494,Oconee County,GA,13.5,26.8,5.3,43.1,91.3,3547,9398,6.4,1000,0.3,3.9,5.4,4.6,0.0,1.3,89.0,84.9,78.9,11485,13147,238200,2.88,6.6,75004,33801,9.3,299,5.0,184.29,7.4,91.7,0,23.7,51.1,2131,32808,35093,6.9,178.0,388,729,3263,10357,0.0,1.2,0.0,1.4,0.0,4300,21.4
1293,Oakland County,MI,15.1,22.1,5.5,43.1,92.7,108991,644865,3.0,38381,0.3,6.5,14.5,3.8,0.0,2.1,76.5,73.3,71.5,486332,533047,170500,2.47,22.3,65594,36458,10.3,2458,11.4,867.66,14.0,86.0,258851,26.1,51.4,67718,1202362,1237868,3.0,1385.7,22848,298257,181836,15131,0.5,4.7,8.3,1.0,0.0,128040,28.6
260,Denver County,CO,10.9,20.9,6.8,42.9,85.4,59296,399744,2.2,22834,2.0,3.8,10.2,30.8,0.2,3.1,80.7,53.4,50.2,266069,298864,249100,2.27,45.7,50313,33251,19.1,5958,15.8,153.0,26.9,77.3,51898,24.6,50.0,34001,600158,663862,10.6,3922.6,22790,149209,68353,11810,1.1,3.7,4.3,8.7,0.0,67500,30.2
651,McLean County,IL,11.4,22.1,6.1,42.8,94.4,9321,77572,0.7,3730,0.3,5.3,7.7,4.8,0.0,2.2,84.4,80.3,67.3,64016,71417,157200,2.54,29.2,62089,30460,14.2,246,6.0,1183.38,7.5,80.0,25788,17.9,51.3,10227,169572,174061,2.6,143.3,3361,53093,22313,13607,0.0,3.9,5.4,1.4,0.0,12693,29.8
442,Fayette County,GA,16.2,23.9,4.1,42.6,94.3,9875,38001,1.7,3182,0.4,4.5,22.0,7.1,0.1,2.1,70.9,65.0,82.9,37930,41344,231500,2.81,8.6,79977,35344,7.7,314,9.2,194.34,11.6,88.1,17446,30.4,51.6,11491,106567,109664,2.9,548.3,1712,8772,13900,13122,0.0,4.4,16.0,3.6,0.0,12696,29.8
1453,Oktibbeha County,MS,10.3,18.0,5.4,42.6,86.4,2887,11180,0.3,846,0.2,3.2,37.2,1.7,0.1,1.1,58.2,56.8,51.7,18176,21292,129200,2.42,34.4,30987,20202,33.7,257,3.7,458.2,5.5,71.4,5143,18.9,50.4,2216,47671,49414,3.7,104.0,773,1661,3878,8838,0.0,2.1,0.0,1.1,0.0,2624,22.5
604,Champaign County,IL,11.1,19.2,5.5,42.4,93.6,11532,67335,-0.9,4133,0.3,10.2,12.8,5.7,0.1,2.7,73.8,69.1,54.9,79137,89194,149500,2.35,35.6,45808,25713,22.3,1458,11.7,996.27,15.9,72.9,32489,17.6,50.1,10682,201081,207133,3.0,201.8,3744,25759,23470,12163,0.0,0.0,8.8,1.9,0.0,13525,28.3
2879,Montgomery County,VA,11.0,16.0,4.5,42.4,89.6,4825,28942,5.6,1935,0.3,5.9,4.2,3.0,0.1,2.2,87.2,84.7,54.6,34789,39217,200200,2.44,28.5,45543,23548,24.5,233,9.1,387.01,11.0,72.3,8381,17.8,47.9,4888,94392,97244,3.0,243.9,1482,972,11026,12350,0.0,0.0,0.0,0.0,0.0,6877,24.0
1224,Hampshire County,MA,14.7,15.6,3.6,42.3,93.3,12700,57927,1.7,3562,0.3,5.3,3.0,5.3,0.1,2.3,88.9,84.7,67.0,58828,62884,262600,2.31,32.6,61227,29460,13.0,193,8.2,527.26,9.8,82.6,10988,23.3,53.4,10038,158080,160939,1.8,299.8,2254,20218,15460,9962,0.0,3.4,1.9,0.0,0.0,15970,32.7
271,Hinsdale County,CO,25.7,18.7,6.2,42.2,93.8,167,183,3.4,75,1.1,0.6,0.5,3.7,0.0,1.8,95.9,92.6,78.9,388,1413,261700,2.06,4.9,56667,36365,5.1,6,1.7,1117.25,9.1,87.1,0,8.2,48.2,111,843,786,-6.8,0.8,35,0,78,9362,0.0,0.0,0.0,0.0,0.0,326,0.0
2914,York County,VA,14.6,24.1,5.3,42.0,94.9,3479,16731,-3.1,1407,0.5,5.5,13.4,5.8,0.2,3.3,77.1,72.5,75.1,24071,27258,316800,2.69,18.1,82073,36373,5.7,432,7.0,104.78,8.8,83.9,0,21.5,50.7,9868,65464,66342,1.8,624.8,1874,1497,8522,13854,0.0,6.7,6.7,0.0,0.0,4807,33.5
643,Lake County,IL,12.2,25.4,5.9,41.9,88.9,52367,324805,2.0,19636,0.9,7.2,7.5,21.0,0.1,2.0,82.3,63.3,75.9,241072,261366,254800,2.84,19.3,77469,38018,9.0,1341,18.1,443.67,27.8,87.4,163814,29.7,50.1,35286,703462,705186,0.3,1585.6,12992,260532,203362,28949,0.4,5.8,3.8,5.3,0.0,68418,28.6
186,Alameda County,CA,12.5,21.4,6.1,41.8,86.4,124216,598309,1.9,37108,1.1,28.9,12.1,22.7,1.0,5.2,51.7,32.8,53.2,545071,592355,493800,2.76,38.2,72112,35763,12.5,3438,30.8,739.02,43.1,84.1,252368,28.8,51.0,63738,1510271,1610921,6.7,2043.6,28077,356740,179090,12359,0.0,24.4,6.8,8.9,0.0,140342,32.2
2933,Lexington city,VA,14.1,12.3,3.7,41.7,78.3,459,3828,2.9,287,0.3,3.2,9.6,3.8,0.1,2.2,84.6,81.1,55.5,1709,2528,262700,2.05,25.7,36505,14763,25.2,8,5.2,2.5,8.5,80.6,0,17.0,44.4,320,7042,7311,3.9,2820.2,312,19,867,12564,0.0,0.0,0.0,0.0,0.0,532,0.0
2374,Clay County,SD,11.2,18.1,5.7,41.6,94.6,796,3383,-8.0,301,3.0,2.1,1.6,2.8,0.1,2.2,90.9,88.8,55.8,5145,5795,133800,2.25,32.5,38173,20595,24.5,48,2.8,412.19,4.9,65.0,0,16.3,50.7,943,13864,13932,0.5,33.6,193,0,1400,10410,0.0,0.0,0.0,0.0,0.0,811,0.0
548,Kalawao County,HI,29.2,0.0,0.0,41.5,87.7,0,0,0.0,1,0.0,7.9,0.0,1.1,48.3,15.7,28.1,27.0,0.0,46,113,0,1.39,25.3,59375,45515,14.7,0,19.7,11.99,33.8,90.1,0,10.0,52.8,3,90,89,-1.1,7.5,0,0,0,0,0.0,0.0,0.0,0.0,0.0,0,0.0
1857,Nassau County,NY,16.4,22.1,5.4,41.5,90.2,132134,532008,1.7,47683,0.5,9.1,12.6,16.1,0.1,1.7,76.1,62.3,80.5,441955,466928,454500,2.99,21.3,97690,42400,6.0,905,21.3,284.72,27.9,93.4,0,34.0,51.5,61803,1339532,1358627,1.4,4704.8,24393,0,243126,17969,0.4,8.0,6.4,7.1,0.0,167931,25.9
278,La Plata County,CO,14.2,19.4,5.1,41.4,94.2,5970,20661,8.0,2296,6.8,0.8,0.6,12.6,0.1,2.5,89.2,79.2,66.5,20947,26475,339400,2.39,17.9,58080,30151,11.4,278,3.5,1692.08,9.7,79.6,0,20.5,49.2,3963,51334,53989,5.2,30.3,2062,0,7904,15914,2.2,0.0,0.0,0.0,0.0,8231,25.9
374,St. Johns County,FL,18.2,22.0,4.8,41.4,93.2,18006,49016,6.1,5305,0.3,2.6,5.7,6.1,0.1,1.8,89.5,84.0,77.0,75558,96900,242900,2.57,19.1,64876,36836,9.6,2786,6.4,600.66,8.1,83.3,5332,25.7,51.3,19172,190039,217919,14.7,316.4,5076,8711,20397,11601,0.5,2.7,2.3,4.9,0.0,19871,26.1
1786,Monmouth County,NJ,15.6,22.3,5.2,41.4,92.2,50713,224059,1.4,18959,0.3,5.5,7.7,10.5,0.1,1.7,84.7,75.7,75.2,233909,260744,389900,2.66,24.8,84526,42749,7.0,1484,13.2,468.79,17.1,91.1,34684,33.4,51.4,35366,630380,629279,-0.2,1344.7,11534,110588,112250,17511,0.0,5.9,3.1,3.8,0.0,63391,25.7
2601,Fort Bend County,TX,9.4,27.9,6.7,41.4,88.5,57132,138739,7.6,10791,0.6,19.0,21.1,24.0,0.1,2.0,57.2,35.1,78.7,191406,223983,183600,3.15,10.3,85297,34084,8.4,9268,25.9,861.48,37.9,89.2,49866,30.6,50.9,26189,585375,685345,17.2,679.5,5834,66152,53061,10440,0.0,16.5,16.5,15.9,0.0,50412,32.0
702,Boone County,IN,12.6,27.0,6.6,41.0,93.5,4861,20400,15.5,1414,0.3,2.3,1.5,2.6,0.0,1.4,94.4,92.1,76.8,21908,25212,179000,2.62,13.7,67255,37482,7.5,526,3.4,422.91,4.4,89.4,0,24.1,50.5,3333,56640,61915,9.3,133.9,544,3863,4844,8970,0.0,0.0,0.0,0.0,0.0,5662,23.2
1179,Cumberland County,ME,16.4,19.6,4.9,41.0,93.7,26119,158929,0.5,10902,0.3,2.2,2.9,1.9,0.0,1.8,92.7,91.0,68.2,117359,140279,241800,2.34,26.1,57461,32880,11.4,906,5.8,835.24,7.9,84.1,0,22.3,51.4,22138,281674,287797,2.2,337.2,7349,34279,52771,19119,0.6,1.1,0.0,0.6,0.0,34968,29.0
274,Jefferson County,CO,14.7,20.9,5.3,40.7,93.7,51004,188932,0.4,16222,1.2,2.8,1.3,15.2,0.1,2.3,92.2,78.8,70.6,219562,233275,262400,2.42,25.1,68984,36087,8.6,2519,6.2,764.21,10.3,84.1,65666,26.2,50.3,42215,534543,558503,4.5,699.5,9604,25140,72821,13782,0.6,2.7,0.6,5.2,0.0,62249,30.2
1220,Dukes County,MA,19.8,18.3,4.7,40.7,93.4,3695,5322,1.0,1036,1.3,0.9,3.7,3.1,0.1,3.3,90.8,88.5,78.4,5891,17501,665300,2.8,5.3,66288,33363,10.1,120,7.8,103.25,8.4,92.6,0,16.5,50.5,966,16535,17356,5.0,160.2,957,0,3489,22333,0.0,0.0,4.0,0.0,0.0,4468,28.0
1949,Mecklenburg County,NC,10.0,24.6,7.0,40.7,88.8,83428,558911,4.1,28715,0.8,5.5,32.2,12.7,0.1,2.2,59.2,48.8,59.5,366689,419118,181900,2.54,31.2,55444,32482,15.4,9340,13.9,523.84,18.2,80.4,112010,24.7,51.9,52506,919628,1012539,10.1,1755.5,25505,171047,141142,16306,0.7,4.5,15.6,4.8,0.1,89165,30.8
1578,St. Louis County,MO,16.5,22.3,5.8,40.6,92.1,72436,559606,2.5,30847,0.2,4.0,23.9,2.7,0.0,2.0,69.9,67.6,71.0,403293,438081,174500,2.43,22.7,58910,34795,10.9,1062,6.7,507.8,8.7,86.2,226545,23.4,52.6,70308,998954,1001876,0.3,1967.2,24407,273666,172374,17347,0.2,3.6,10.5,1.1,0.0,91810,27.2
1676,Dawes County,NE,17.6,18.4,5.1,40.6,93.5,648,2224,0.7,277,4.1,1.5,1.8,4.3,0.6,2.8,89.2,86.1,64.8,3709,4221,100700,2.15,15.7,40359,21137,19.3,1,3.7,1396.46,6.0,75.8,0,13.1,50.6,777,9182,9042,-1.5,6.6,136,100,1645,18763,0.0,0.0,0.0,0.0,0.0,1055,0.0
320,Alachua County,FL,12.5,18.1,5.6,40.5,91.2,16536,84425,2.0,5850,0.3,5.9,20.5,9.1,0.1,2.6,70.6,62.6,54.1,96043,114060,167900,2.43,37.4,42149,24857,24.9,762,10.7,875.02,13.8,74.2,0,19.9,51.7,17015,247336,256380,3.7,282.7,4939,0,31522,13124,0.0,3.8,7.8,6.7,0.0,20676,31.6
1395,Washington County,MN,12.8,25.2,6.1,40.5,95.9,17472,72791,2.0,5519,0.5,5.5,4.3,3.8,0.1,2.1,87.4,84.1,81.3,88947,95667,241900,2.68,14.4,81540,36706,5.7,752,6.2,384.28,9.3,89.3,57518,25.2,50.5,15920,238136,249283,4.7,619.7,3408,17435,26907,11886,0.3,3.8,1.5,1.1,0.0,20974,28.9
2583,Denton County,TX,8.7,26.1,6.6,40.5,91.8,59107,182916,1.7,12517,0.9,7.7,9.6,19.0,0.1,2.5,79.3,61.7,65.5,243394,280409,184100,2.78,26.3,74155,33855,8.7,3565,14.2,878.43,22.0,80.7,40082,27.4,50.8,39891,662614,753363,13.7,754.3,7978,123589,76683,12465,0.6,6.2,5.3,8.6,0.0,58767,30.1
1229,Suffolk County,MA,11.0,17.3,5.7,40.4,83.9,49184,588364,0.4,20121,0.8,8.9,24.7,21.8,0.2,3.1,62.4,46.7,35.5,288240,318302,358700,2.39,80.5,53540,32835,20.8,3323,27.4,58.15,37.4,79.0,37034,29.0,51.7,23808,722023,767254,6.3,12415.7,37958,89148,75657,10381,0.7,7.8,11.0,8.3,0.1,55613,29.5
1871,Rockland County,NY,14.8,27.7,7.5,40.4,87.5,25962,103462,2.8,9425,0.5,6.7,13.1,17.1,0.1,1.9,77.7,63.4,69.9,98326,104525,435300,3.13,32.6,84951,34591,13.6,483,22.0,173.55,37.3,92.6,136704,30.2,51.0,11742,311687,323866,3.9,1795.9,4353,32281,38668,13019,0.0,6.5,7.3,6.8,0.0,32878,26.4
2257,Centre County,PA,12.4,15.4,4.1,40.4,92.7,9288,44783,0.8,3252,0.2,5.6,3.8,2.9,0.1,1.6,88.7,86.4,59.6,57197,65107,192600,2.4,29.5,50336,25545,20.5,511,7.0,1109.92,9.6,72.4,12164,19.9,47.6,9420,153990,158742,3.1,138.7,2400,5722,16042,11134,0.0,2.0,0.8,0.9,0.0,11078,25.5
58,Shelby County,AL,13.0,24.4,6.0,40.3,91.2,15634,76137,2.1,4845,0.4,2.2,12.1,6.0,0.0,1.3,84.0,78.5,79.0,74144,83498,193000,2.64,12.1,68770,33313,7.9,896,6.0,784.93,8.3,86.6,17230,29.0,51.2,13991,195085,206655,5.9,248.5,3018,43855,25204,13737,0.6,0.0,5.7,2.0,0.0,18393,30.5
2366,Brookings County,SD,10.5,19.7,6.1,40.2,93.6,1996,13353,1.3,869,1.3,2.8,1.5,2.5,0.1,1.3,93.0,90.9,58.0,11979,13823,147400,2.38,30.3,46896,23105,17.8,205,4.2,792.21,6.6,68.0,22657,14.4,49.0,2034,31965,33314,4.2,40.3,531,0,3382,11458,0.0,0.0,0.0,0.0,0.0,2269,26.2
3115,Waukesha County,WI,16.5,22.4,5.1,40.2,95.6,26370,222812,1.3,12424,0.3,3.3,1.4,4.6,0.1,1.3,93.6,89.4,76.9,153422,162596,253800,2.52,22.6,75850,37577,5.4,1020,4.6,549.57,7.2,89.2,156634,23.8,50.9,26579,389891,395118,1.3,709.4,6166,68820,59550,15712,0.3,2.2,0.8,1.0,0.0,36589,24.7
1026,Fayette County,KY,11.7,21.1,6.2,40.1,88.6,21120,156335,5.3,8450,0.3,3.8,15.0,6.9,0.1,2.4,78.3,72.3,55.2,123142,138827,165800,2.34,33.9,48398,29251,18.9,1225,8.9,283.65,11.9,75.5,30612,19.7,50.9,17908,295803,310797,5.1,1042.8,7857,44424,47784,16635,0.0,2.6,0.0,2.4,0.0,26074,27.2
1085,Oldham County,KY,11.7,26.2,4.6,40.1,91.7,4772,11331,7.9,1224,0.5,1.6,4.4,3.8,0.1,1.5,91.8,88.7,84.8,19532,21203,245700,2.89,7.1,83391,33591,6.8,215,3.7,187.22,5.6,88.8,2751,26.0,47.5,4487,60316,63490,5.3,322.2,471,955,3747,6621,0.0,1.3,1.5,0.0,0.0,5558,32.0
1368,Olmsted County,MN,14.0,24.7,7.1,40.1,94.3,9421,78672,-0.3,3494,0.3,6.2,5.7,4.5,0.1,2.1,85.7,81.7,74.9,57262,61766,171100,2.5,21.3,66252,34073,8.0,639,9.7,653.35,12.6,86.3,29713,17.5,51.1,9541,144248,150287,4.2,220.8,3268,7779,21820,15631,0.0,2.1,0.0,0.8,0.0,10097,25.7
1785,Middlesex County,NJ,13.4,22.0,6.0,40.1,88.8,51540,381947,3.6,21535,0.6,24.0,11.2,19.9,0.1,2.0,62.1,45.4,66.2,280988,299476,330000,2.82,34.6,79596,34345,8.5,1901,31.0,308.91,41.8,89.0,122072,32.4,50.8,33164,809858,836297,3.3,2621.6,12750,326317,111310,14274,0.3,19.5,0.0,9.4,0.0,67778,26.0
2233,Multnomah County,OR,11.9,19.8,5.9,39.9,89.7,62224,390372,1.8,25361,1.5,7.2,5.7,11.2,0.6,4.4,80.5,71.3,54.2,305939,330768,271600,2.39,37.0,52511,30475,17.8,5090,14.1,431.3,19.6,80.0,105276,24.8,50.6,44741,735334,776712,5.6,1704.9,20486,220438,98684,14157,0.8,6.2,3.0,3.0,0.2,75230,31.6
254,Clear Creek County,CO,17.9,15.4,3.8,39.8,96.6,978,2574,5.4,327,1.2,0.8,0.9,5.5,0.1,1.6,95.3,90.7,81.3,4024,5690,268500,2.21,10.5,67259,41716,10.2,11,4.0,395.23,4.3,88.6,0,32.6,48.0,903,9088,9187,1.1,23.0,250,69,731,8185,0.0,0.0,0.0,0.0,0.0,1193,0.0
430,DeKalb County,GA,10.4,23.7,7.3,39.7,88.4,71233,260194,3.1,16052,0.5,5.9,54.8,8.9,0.1,2.0,36.7,29.9,56.7,264496,306954,168900,2.59,36.2,50856,28810,19.0,1231,16.3,267.58,18.6,81.2,74890,30.7,52.5,41447,691893,722161,4.4,2585.7,12077,93611,79733,10867,0.9,6.8,39.6,3.6,0.1,73184,37.2
1821,Santa Fe County,NM,19.6,19.5,4.8,39.7,87.0,15652,44633,1.1,4714,4.1,1.4,1.2,51.3,0.2,2.1,91.0,43.1,69.6,61012,71749,278400,2.33,15.9,52917,32298,17.0,161,13.5,1909.41,36.1,85.0,0,22.1,51.3,11185,144170,148164,2.8,75.5,5404,0,24262,16923,2.5,1.1,0.7,16.3,0.0,20479,33.7
2652,Kendall County,TX,19.1,23.4,4.9,39.7,90.0,4656,10932,3.9,1112,0.7,1.0,1.1,22.4,0.1,1.5,95.7,74.4,74.5,12760,15011,274400,2.7,11.5,73410,35827,9.3,380,8.3,662.45,17.6,84.8,1809,26.7,51.2,3749,33410,38880,16.4,50.4,557,2853,8080,25877,0.0,0.0,1.1,7.8,0.0,5224,28.0
2862,Henrico County,VA,13.8,23.4,6.3,39.7,90.1,21238,163041,3.5,8868,0.4,7.9,30.1,5.4,0.1,2.2,59.3,55.0,65.2,123683,135002,219900,2.49,27.6,61048,33115,10.7,693,11.5,233.7,14.2,83.1,32649,21.9,52.8,22033,306935,321924,4.9,1313.4,6858,61973,67371,23251,0.7,5.4,15.4,2.3,0.0,25677,28.1
415,Clarke County,GA,9.7,17.6,5.8,39.5,85.1,7804,44643,3.5,2912,0.4,4.4,27.7,10.8,0.1,1.9,65.5,56.0,43.9,41358,51781,156600,2.61,44.1,33060,19295,36.7,538,10.4,119.2,13.5,75.6,19712,19.0,52.3,5581,116714,120938,3.6,979.1,2933,17824,16691,14711,0.3,3.2,0.0,3.1,0.0,10181,26.0
1375,Ramsey County,MN,12.9,23.4,7.1,39.4,89.9,35978,292031,2.0,13170,1.0,13.8,11.7,7.3,0.1,3.4,70.1,64.2,59.8,205395,218169,198200,2.43,37.9,54247,29484,16.9,728,14.3,152.21,20.8,81.5,75789,22.6,51.3,28775,508640,532655,4.7,3341.7,9635,92783,61565,12328,0.6,5.1,5.6,1.7,0.0,43851,30.6
2241,Washington County,OR,11.9,24.3,6.6,39.4,90.8,33720,236283,0.5,14380,1.1,9.9,2.2,16.3,0.5,4.0,82.2,67.8,61.0,201771,218881,282400,2.64,30.7,64180,31078,11.4,3030,16.7,724.23,23.3,82.6,240489,24.2,50.7,32864,529710,562998,6.3,731.4,8494,110217,87543,16886,0.0,7.3,0.0,4.7,0.2,43601,32.9
2325,Charleston County,SC,14.5,20.2,6.1,39.4,88.3,33229,183068,1.8,12138,0.4,1.6,28.6,5.1,0.1,1.5,67.7,63.4,60.6,143717,178050,236100,2.41,29.3,50792,30158,18.2,3123,5.4,916.09,7.2,80.4,53381,22.4,51.6,31268,350209,381015,8.8,382.3,13827,32673,63209,18348,0.3,1.3,9.9,1.4,0.0,38458,27.3
2402,Lincoln County,SD,10.4,29.2,8.3,39.4,95.6,4227,13719,3.7,1294,0.5,1.3,1.3,1.8,0.0,1.5,95.4,93.7,77.0,17250,19055,184900,2.68,18.7,74751,34839,4.5,261,2.3,577.28,3.7,85.9,0,19.5,50.4,2947,44828,51548,15.0,77.7,276,3377,4444,11773,0.0,0.0,0.0,0.0,0.0,4347,24.1
284,Mineral County,CO,26.5,12.6,4.7,39.3,96.5,151,220,7.3,66,0.9,0.4,0.4,4.4,0.0,1.1,97.1,92.8,83.7,393,1225,275000,1.85,0.0,47083,42255,6.4,6,1.1,875.67,3.2,92.3,0,14.6,47.6,111,712,698,-2.0,0.8,94,0,60,6239,0.0,0.0,0.0,0.0,0.0,510,0.0
1275,Leelanau County,MI,27.7,17.4,3.8,39.2,94.2,2749,4366,9.7,737,3.6,0.6,0.5,4.1,0.0,1.7,93.6,90.6,85.1,9103,15221,235600,2.34,9.1,55018,31462,11.2,113,3.1,347.17,5.3,90.9,0,22.2,50.8,2225,21708,21915,1.0,62.5,406,171,1282,5857,0.0,0.0,0.0,0.0,0.0,3437,27.1
1565,Platte County,MO,13.0,23.9,6.1,39.2,94.2,6798,37383,-3.9,2244,0.6,2.7,6.4,5.7,0.5,2.5,87.4,82.5,64.3,36781,40155,184900,2.45,28.1,67721,35143,7.4,228,5.8,420.19,7.3,82.3,20773,23.3,50.6,7457,89322,94788,6.1,212.6,4655,35354,17374,19821,0.0,3.2,3.4,2.1,0.0,8768,29.4
311,Middlesex County,CT,17.7,19.4,4.5,39.1,93.8,13156,60406,0.9,4147,0.2,3.0,5.4,5.8,0.1,1.9,89.4,84.6,76.2,66141,75274,292000,2.41,23.0,76994,39992,6.4,228,7.3,369.3,10.4,89.4,33360,25.2,51.2,11973,165676,164943,-0.4,448.6,2934,9538,21291,12980,0.4,3.4,1.3,1.5,0.2,15693,28.0
1217,Barnstable County,MA,27.8,15.9,3.9,39.1,94.5,24948,71779,3.0,8323,0.7,1.4,2.5,2.7,0.1,1.8,93.5,91.4,79.0,95398,161718,366700,2.21,14.5,60526,36142,9.3,640,6.8,393.72,8.1,91.4,5332,24.6,52.4,21360,215888,214914,-0.5,548.3,8909,0,39732,17878,0.5,1.5,1.2,0.0,0.0,32205,28.3
1629,Missoula County,MT,13.6,19.4,5.4,39.1,94.5,9374,46400,-3.1,4177,2.9,1.5,0.6,3.1,0.1,2.7,92.1,89.7,58.8,45523,51411,237500,2.36,26.5,46117,25764,16.5,578,2.8,2593.42,4.6,77.9,6748,16.7,49.7,8903,109299,112684,3.1,42.1,2690,8600,21793,20589,1.2,0.6,0.3,0.0,0.0,14122,24.5
192,Contra Costa County,CA,14.2,23.4,5.8,39.0,88.8,82405,306661,3.5,22338,1.0,16.4,9.6,25.2,0.6,5.1,67.3,45.6,65.9,375855,406772,404000,2.81,23.6,78756,38219,10.5,2001,23.5,715.94,33.3,85.3,320214,33.3,51.3,57474,1049025,1111339,5.9,1465.2,15622,66439,117637,11641,1.4,14.8,4.1,10.9,0.3,95688,31.2
246,Arapahoe County,CO,11.9,24.5,6.5,38.8,91.4,50623,259423,5.3,17284,1.1,5.6,10.9,18.8,0.2,3.7,78.3,62.1,62.7,225552,243745,230700,2.58,34.4,60651,32595,12.1,1897,14.9,798.1,22.1,80.6,20429,26.9,50.7,42954,572003,618821,8.2,716.7,10085,57741,99319,18277,0.8,5.2,4.1,6.2,0.1,61951,28.4
1784,Mercer County,NJ,13.8,21.9,5.9,38.8,87.3,23100,185388,2.0,9701,0.6,10.4,21.2,16.6,0.2,2.2,65.5,51.8,65.8,130754,144991,286900,2.67,30.1,73480,37465,11.2,368,20.9,224.56,28.2,87.6,0,27.2,51.0,17493,366513,371537,1.1,1632.2,6958,84209,50891,14004,0.0,10.0,7.6,4.8,0.0,30067,29.9
1828,Albany County,NY,15.3,18.9,5.0,38.8,92.1,17594,172571,1.3,9409,0.3,5.8,13.7,5.7,0.1,2.5,77.6,73.8,59.3,122700,138253,209300,2.35,43.0,59394,32328,13.0,775,9.1,522.8,12.2,85.5,33514,20.0,51.7,18471,304204,308171,1.3,581.9,7389,36425,54043,18121,0.0,0.0,0.0,2.2,0.0,24798,29.9
2543,Brazos County,TX,8.3,20.5,6.2,38.8,85.0,11844,57295,4.0,3991,0.7,5.6,11.4,24.8,0.1,1.8,80.4,57.2,46.0,70239,83500,151400,2.61,38.6,38310,21720,29.8,1786,13.0,585.45,23.1,68.0,9794,18.0,49.3,8937,194851,209152,7.3,332.8,3402,7796,21191,12425,0.9,0.0,5.8,9.7,0.0,13887,0.0
1332,Dakota County,MN,12.1,25.0,6.5,38.7,94.7,27905,172509,3.6,10099,0.5,4.9,5.7,6.6,0.1,2.7,86.2,80.5,75.8,154275,162861,223300,2.59,21.5,73732,34828,7.6,1416,8.2,562.17,11.4,87.0,129300,24.1,50.8,27400,398552,412529,3.5,709.0,6142,44154,51639,13231,0.0,2.7,2.8,1.8,0.1,36982,28.3
44,Madison County,AL,13.7,22.4,5.8,38.5,90.0,22681,153304,0.8,8095,0.8,2.6,24.6,4.7,0.1,2.5,69.4,65.5,69.3,132975,154452,164500,2.5,21.4,58434,31933,12.8,2677,5.4,801.59,7.1,84.7,86507,21.0,51.2,34203,334811,350299,4.6,417.7,5963,29704,44386,14145,1.4,3.5,12.3,1.3,0.0,26467,29.2
1867,Putnam County,NY,14.8,21.4,4.5,38.4,92.2,8809,19914,-2.9,2824,0.3,2.4,3.2,13.0,0.1,1.8,92.3,80.8,83.1,34496,38320,372200,2.82,15.2,95117,40309,5.8,85,12.3,230.31,18.5,93.5,0,38.6,50.2,5047,99710,99487,-0.3,432.9,944,5046,9223,9315,0.0,1.9,5.1,6.2,0.0,11542,27.6
1202,Frederick County,MD,12.9,23.9,6.0,38.2,91.8,17140,83799,1.1,5955,0.5,4.5,9.4,8.4,0.1,2.7,82.8,75.7,75.3,86337,93572,307000,2.69,16.7,84570,36917,6.1,1311,9.6,660.22,12.3,88.0,30036,34.6,50.7,17508,233385,243675,4.4,353.5,3564,12521,30662,13629,0.0,3.3,5.9,3.6,0.0,21430,31.1
2817,Washington County,VT,17.0,19.4,4.9,38.1,93.5,6007,25548,-4.8,2217,0.3,0.9,0.9,1.9,0.0,1.9,96.0,94.4,73.1,24661,30119,205000,2.31,26.1,57281,29761,9.6,127,3.4,687.23,3.8,89.2,10118,22.2,50.6,4754,59534,58998,-0.9,86.6,1189,0,9465,16125,0.0,0.7,0.5,1.0,0.0,8264,23.0
2892,Prince William County,VA,8.3,28.1,7.9,38.1,89.1,30436,94198,3.9,7386,1.1,8.4,21.5,22.0,0.2,4.4,64.4,45.7,72.1,132442,144787,321400,3.11,16.4,98071,37401,6.3,1225,21.4,336.4,30.2,85.5,5635,39.2,50.2,40034,402002,446094,11.0,1195.0,5378,17505,49489,13724,1.2,9.3,13.9,14.7,0.1,32220,28.6
3023,Monongalia County,WV,10.8,16.0,5.0,38.1,90.7,5203,44269,0.8,2248,0.2,3.2,3.9,2.0,0.1,1.9,90.8,89.0,57.0,36449,44494,161800,2.5,33.2,44173,25846,22.4,100,4.5,360.06,5.7,79.8,0,20.8,48.6,5456,96189,103463,7.6,267.1,1928,3703,12896,14727,0.0,3.6,0.0,0.0,0.0,5962,0.0
1383,Scott County,MN,9.3,28.8,7.4,38.0,94.6,10136,40780,3.0,3214,1.1,6.2,3.6,4.8,0.1,2.1,87.0,82.9,84.8,45630,49184,244400,2.89,9.2,86112,35467,5.5,894,8.6,356.48,11.8,89.7,19249,26.7,50.2,7268,129928,139672,7.5,364.5,5274,13007,11696,9270,0.4,3.0,1.5,1.0,0.0,12029,30.1
2768,Williamson County,TX,10.9,27.1,6.8,38.0,92.0,34913,137138,7.5,8908,0.9,6.0,6.8,23.9,0.1,2.6,83.6,61.7,68.6,154948,175677,178900,2.82,20.3,71803,31070,7.0,4706,10.9,1118.3,20.7,81.3,16476,26.0,50.9,33319,422679,489250,15.8,378.0,5836,15251,99180,26573,0.0,5.9,4.0,10.8,0.0,33853,30.5
2856,Goochland County,VA,19.4,19.1,4.0,38.0,87.4,1969,17205,0.0,638,0.3,1.3,17.7,2.4,0.0,1.4,79.3,77.3,90.2,8058,8900,338500,2.4,0.8,80976,45039,5.6,127,2.8,281.42,5.4,92.5,0,30.1,50.6,2026,21717,21936,1.1,77.2,158,973,1839,8914,0.0,0.0,0.0,0.0,0.0,2336,23.6
242,Yolo County,CA,11.5,21.7,5.8,37.9,84.3,11858,60719,1.4,3878,1.8,13.8,3.0,31.5,0.6,5.0,75.9,48.3,52.9,70347,76720,314300,2.76,30.6,55918,27730,19.1,218,21.7,1014.69,34.7,76.0,18533,21.6,51.3,10321,200849,207590,3.4,197.9,8403,64836,17657,9106,0.0,10.5,0.0,11.2,0.0,14782,29.9
1984,Watauga County,NC,14.2,13.2,3.4,37.9,89.0,4596,16384,-0.3,1562,0.3,1.1,1.9,3.5,0.0,1.4,95.1,92.1,54.9,20909,32957,228700,2.2,25.2,34293,21854,31.3,243,3.5,312.56,5.3,70.2,1298,18.5,50.0,3180,51079,52560,2.9,163.4,1314,1692,7952,17836,0.0,0.0,0.0,0.0,0.0,5893,21.7
2125,Warren County,OH,13.0,25.9,5.9,37.9,92.0,15102,73166,1.2,3928,0.2,4.7,3.5,2.6,0.0,1.5,90.1,87.8,77.9,76546,83583,188500,2.74,15.4,72487,33172,6.3,1301,5.6,401.31,7.5,87.3,41112,24.4,49.8,15059,212693,221659,4.1,530.0,3298,20067,18626,9129,0.0,0.0,1.5,1.8,0.0,16738,29.0
1768,Grafton County,NH,18.0,17.2,4.3,37.7,91.6,7890,47625,1.2,2867,0.4,3.5,1.1,2.2,0.0,1.9,93.1,91.2,69.0,35111,51624,212000,2.35,20.5,54912,30738,11.2,187,5.8,1708.75,7.1,84.2,13142,21.8,50.7,7786,89118,89658,0.6,52.2,2728,0,19612,22919,0.0,0.0,0.0,0.3,0.0,11174,24.0
2322,Beaufort County,SC,24.1,19.9,5.8,37.6,91.3,14067,49929,0.8,4800,0.4,1.4,19.1,11.4,0.1,1.8,77.1,67.1,71.4,64417,94287,275500,2.46,24.4,57316,32503,12.5,1197,10.3,576.28,13.9,81.7,2234,20.9,50.9,18885,162233,175852,8.4,281.5,5304,2981,22550,15240,0.0,1.7,7.4,2.0,0.0,16367,25.5
1622,Lewis and Clark County,MT,16.2,21.8,5.9,37.5,94.7,5294,24645,4.3,2210,2.2,0.7,0.5,3.0,0.1,2.4,94.1,91.6,72.3,26555,30594,203600,2.35,18.9,56243,28400,10.4,338,1.5,3458.83,3.6,83.6,0,17.6,50.8,6310,63395,65856,3.9,18.3,1185,1995,9729,16180,1.0,0.0,0.0,0.0,0.0,6373,24.9
1329,Cook County,MN,24.3,16.3,4.0,37.4,94.8,782,2076,2.8,279,9.0,0.7,0.6,1.9,0.1,2.6,86.9,85.8,73.1,2614,5965,240500,1.96,8.5,52215,32868,8.3,39,3.1,1452.28,5.5,86.4,0,16.7,50.5,525,5176,5233,1.1,3.6,403,0,618,11420,0.0,0.0,0.0,0.0,0.0,914,0.0
1436,Lafayette County,MS,11.3,18.1,5.4,37.2,86.3,3634,14001,5.1,1067,0.3,2.6,23.7,2.3,0.1,1.2,72.0,70.2,59.4,15743,23978,163000,2.77,25.6,43328,21388,25.6,471,2.9,631.71,4.6,71.8,0,18.3,51.2,2287,47351,52930,11.8,75.0,962,0,5071,11711,0.0,0.0,0.0,0.0,0.0,3805,21.9
1771,Rockingham County,NH,15.2,20.6,4.6,37.2,94.5,25514,128330,0.8,9422,0.2,1.9,0.9,2.6,0.0,1.4,95.5,93.3,76.8,116262,128444,282100,2.53,21.7,77348,38399,5.5,875,4.5,694.72,6.5,89.6,39125,29.1,50.5,23377,295223,300621,1.8,425.0,6607,58448,64148,21603,0.0,1.5,0.5,0.9,0.0,34778,27.8
1998,Cass County,ND,10.8,22.1,6.9,37.2,94.6,11239,97100,1.9,5179,1.3,2.6,3.7,2.4,0.1,1.9,90.5,88.5,53.4,65816,75125,158900,2.27,43.4,52590,30529,13.0,3207,5.4,1764.94,6.9,77.3,24800,16.4,49.3,10037,149778,167005,11.5,84.9,3411,0,28855,20953,0.0,1.4,0.3,0.4,0.0,13937,26.6
2942,Poquoson city,VA,18.3,21.8,3.6,37.2,92.7,785,1311,-10.7,214,0.4,2.4,1.2,2.3,0.0,1.6,94.4,92.4,81.8,4591,4749,302400,2.62,7.5,81892,38444,5.6,24,4.1,15.32,6.4,90.7,0,22.8,50.5,1363,12150,12048,-0.9,793.2,91,0,547,4628,0.0,0.0,0.0,0.0,0.0,961,19.6
1194,Anne Arundel County,MD,13.4,22.6,6.3,37.1,90.7,39029,220926,4.2,13750,0.4,3.9,16.6,7.2,0.1,2.9,76.1,70.2,74.2,199904,218903,340000,2.65,17.7,87430,40415,6.3,2441,8.1,414.9,10.6,86.9,36101,29.8,50.5,54387,537656,560133,4.2,1295.9,12880,69221,94649,18491,0.4,4.6,9.0,3.2,0.0,49600,31.4
1873,Saratoga County,NY,15.9,21.1,5.1,37.1,93.4,14938,65942,4.3,5124,0.2,2.4,1.8,2.9,0.0,1.6,93.9,91.4,71.9,88460,101819,230700,2.45,23.9,69826,35176,6.5,969,4.6,809.98,6.3,89.0,17835,24.5,50.6,16746,219607,224921,2.4,271.1,3335,22393,45064,20838,0.2,0.0,1.0,0.0,0.0,18851,28.5
229,Santa Cruz County,CA,13.5,20.1,5.6,37.0,84.9,23649,70493,2.9,6779,1.8,4.8,1.4,33.2,0.2,4.1,87.7,58.2,58.8,93504,105275,557500,2.72,20.4,66519,32295,14.6,291,18.3,445.17,31.0,84.1,15024,25.4,50.4,12471,262382,271804,3.6,589.4,5138,0,37253,14894,0.0,4.8,0.0,0.0,0.0,29122,34.2
314,Tolland County,CT,14.0,18.5,4.0,36.9,93.0,9190,30798,1.7,2398,0.2,4.1,3.6,5.0,0.1,1.8,90.3,86.2,74.4,54327,58529,254800,2.52,24.5,80529,34392,6.5,203,6.9,410.21,10.6,85.7,10217,25.8,49.8,10916,152691,151367,-0.9,372.2,1730,2143,12063,8140,0.0,2.9,0.0,1.8,0.0,11698,32.5
2779,Cache County,UT,8.6,31.1,9.3,36.9,92.5,7934,38782,0.7,3041,1.0,2.6,0.8,10.5,0.5,1.9,93.2,84.2,64.5,35375,39368,189100,3.12,23.2,49506,20074,16.6,749,6.9,1164.81,13.8,78.3,0,16.6,50.1,4258,112656,118343,5.0,96.7,951,3616,10950,10079,0.0,1.0,0.0,2.6,0.0,10332,22.2
215,Orange County,CA,13.1,23.0,6.1,36.8,83.8,278270,1381148,2.4,89496,1.1,19.6,2.1,34.3,0.4,3.3,73.5,42.0,58.7,995512,1072011,519600,3.02,34.2,75422,34057,12.4,9291,30.4,790.57,45.5,84.9,491319,26.3,50.6,131229,3010232,3145515,4.5,3807.7,82478,979636,450225,15221,1.0,19.2,1.3,12.4,0.3,329380,28.4
77,Juneau City and Borough,AK,10.6,22.1,5.9,36.7,95.5,2572,10932,-1.0,1135,11.9,6.2,1.6,6.5,1.1,9.3,69.9,65.5,64.5,12099,13207,309900,2.58,32.2,81490,37558,6.2,204,6.5,2701.93,9.9,81.0,0,15.1,48.8,2739,31275,32406,3.6,11.6,868,0,4653,15235,5.2,3.6,1.0,0.0,0.0,3500,26.5
2627,Hays County,TX,10.0,23.6,6.0,36.7,89.3,13750,44874,3.9,3545,1.2,1.5,4.1,37.0,0.2,2.0,90.9,56.2,66.8,56459,70731,175600,2.77,22.3,58651,26873,17.0,2305,7.3,677.98,23.0,78.3,10818,29.3,50.2,10834,157107,185025,17.8,231.7,2353,4511,19546,13765,1.1,0.9,1.8,18.1,0.0,14240,26.2
1221,Essex County,MA,15.6,22.0,5.7,36.6,89.0,56791,275283,0.4,18277,0.8,3.8,6.3,18.6,0.1,2.3,86.6,73.3,63.4,286008,307765,349400,2.56,43.1,67311,35167,11.2,1357,14.9,492.56,24.0,87.7,174886,28.0,51.8,43065,743159,769091,3.5,1508.8,13014,124057,98221,13399,0.3,2.7,3.6,5.9,0.0,68102,29.7
1954,New Hanover County,NC,15.8,19.4,5.3,36.6,90.6,18388,84705,1.2,6806,0.6,1.4,14.6,5.4,0.1,2.0,81.3,76.9,58.9,86010,105532,215200,2.33,26.2,49835,29679,16.9,1749,5.6,191.53,7.6,80.2,28836,20.2,52.0,17387,202667,216298,6.7,1058.1,5255,14101,38254,20126,0.4,1.4,5.9,0.0,0.0,22306,26.6
1263,Ingham County,MI,11.9,20.4,5.7,36.5,91.1,18469,103894,2.5,6129,0.7,6.1,12.2,7.6,0.1,3.8,77.1,71.1,59.3,108823,122056,120500,2.41,28.8,45321,24754,21.9,315,8.5,556.12,11.8,75.7,0,19.8,51.5,16206,280895,284582,1.3,505.1,4460,44237,31561,11328,0.8,4.4,0.0,2.2,0.0,22700,31.3
2721,Rockwall County,TX,11.8,27.7,6.1,36.5,91.2,8134,20809,0.6,1885,0.8,2.8,6.1,17.0,0.1,1.8,88.4,72.6,83.6,26820,30626,187800,2.99,7.6,86119,34617,5.9,965,9.5,127.04,15.7,89.3,3012,30.8,51.0,5062,78337,87809,12.1,616.7,1059,0,9462,12797,0.0,0.0,3.8,5.9,0.0,8194,29.8
2801,Utah County,UT,7.2,34.9,10.2,36.5,93.6,40259,170323,4.1,11374,0.8,1.6,0.7,11.2,0.9,2.4,93.5,83.3,67.9,143005,157455,222100,3.61,22.2,60196,20774,14.0,5257,7.2,2003.45,13.1,78.1,0,21.1,49.6,17282,516564,560974,8.6,257.8,4516,24249,57721,11254,0.0,1.1,0.5,3.5,0.4,45490,24.2
2969,Jefferson County,WA,31.8,13.4,3.3,36.5,94.6,2975,6365,-0.6,1028,2.2,1.8,1.0,3.7,0.2,3.4,91.3,88.4,73.2,13801,17947,284100,2.1,8.9,46320,28266,13.3,121,3.5,1803.7,4.4,84.4,2094,23.8,50.7,4447,29872,30228,1.2,16.6,487,510,2108,7204,0.0,0.0,0.0,0.0,0.0,4007,29.4
1681,Douglas County,NE,11.5,25.8,7.6,36.4,89.5,34944,307365,1.0,15069,1.2,3.3,11.6,12.0,0.1,2.5,81.3,70.9,62.7,204226,226919,143300,2.51,27.4,53325,29180,14.3,2572,8.9,328.46,13.9,82.2,100128,18.9,50.7,34166,517110,543244,5.1,1574.4,11189,60797,81090,16306,0.5,1.9,4.4,2.1,0.1,43302,26.5
1908,Chatham County,NC,23.6,20.3,4.8,36.4,85.8,5496,12754,2.6,1304,1.2,1.8,13.1,12.8,0.1,1.5,82.2,71.4,79.9,26017,29976,211400,2.46,6.3,57091,31175,12.4,587,10.0,682.19,14.9,88.2,11296,26.6,52.1,5598,63505,68698,8.2,93.1,395,1286,5594,9113,0.0,0.0,0.0,0.0,0.0,5813,27.1
2067,Franklin County,OH,10.9,23.7,7.2,36.4,89.7,87914,599369,1.5,27088,0.3,4.6,22.2,5.1,0.1,3.0,69.8,65.7,55.1,468295,541069,150800,2.47,35.7,50877,28283,18.1,5058,9.4,532.19,12.1,80.4,142894,21.5,51.3,68862,1163414,1231393,5.8,2186.1,25963,221384,194035,17288,0.4,3.8,11.8,1.8,0.0,97456,31.9
2813,Lamoille County,VT,15.2,21.2,5.2,36.4,92.6,2751,10592,-0.1,944,0.4,0.6,0.8,1.6,0.0,1.7,96.4,95.0,71.3,10046,13148,218800,2.38,20.6,52686,27157,12.6,66,3.5,458.8,4.1,87.1,0,25.5,50.1,1628,24475,25082,2.5,53.3,1741,0,3134,12412,0.0,0.0,0.0,0.0,0.0,3479,31.4
1782,Hudson County,NJ,10.8,20.3,7.0,36.3,81.9,48782,211322,0.4,12879,1.2,15.2,15.1,43.1,0.2,2.6,65.8,29.3,32.6,243875,277166,347200,2.61,83.5,58442,32641,16.8,4621,41.2,46.19,59.2,85.9,26142,34.2,50.2,16139,634266,669115,5.5,13731.4,8807,145249,60998,10350,0.0,12.6,11.8,25.5,0.0,55520,27.7
2840,Chesterfield County,VA,12.8,24.4,5.8,36.3,90.1,20411,102530,4.9,6919,0.6,3.6,23.3,8.0,0.1,2.6,69.8,63.4,77.0,113637,126436,226500,2.78,15.3,72088,32572,6.7,1622,7.9,423.3,10.6,88.2,38499,25.5,51.8,27083,316236,332499,5.1,747.1,4915,15611,46158,15419,0.3,4.8,13.3,3.4,0.0,24079,30.4
1730,Sarpy County,NE,10.2,28.2,7.8,36.2,94.9,9443,44160,5.4,3337,0.6,2.4,4.5,8.3,0.1,2.9,89.5,82.3,70.6,59606,65910,162400,2.71,18.9,69965,30189,6.6,1276,5.4,238.99,8.2,84.2,5877,20.3,49.9,18098,158840,172193,8.4,664.6,1602,30059,22858,15630,0.0,3.1,2.3,2.0,0.0,11983,28.0
2905,Stafford County,VA,9.1,26.8,6.4,36.2,92.6,7623,29297,1.5,2144,0.7,3.3,18.0,11.3,0.2,3.9,74.0,64.8,76.9,42178,46526,299300,3.04,9.1,97110,36574,5.1,772,8.4,268.96,12.8,84.1,1408,39.4,49.6,17657,128961,139992,8.6,479.5,1403,12499,9302,7701,0.0,5.5,15.0,6.6,0.0,9051,34.1
1708,Lancaster County,NE,12.1,23.1,6.7,36.1,93.8,19668,127883,-2.3,8049,0.9,4.1,3.9,6.6,0.1,2.6,88.4,82.8,60.1,115237,124817,148600,2.4,29.6,51574,27141,15.2,1923,7.0,837.55,10.9,78.3,0,18.2,50.0,19683,285407,301795,5.7,340.8,4725,27298,36626,13351,0.4,2.4,1.6,2.0,0.0,24564,27.5
2355,Richland County,SC,11.3,22.0,5.9,36.1,89.7,25311,155345,1.1,8660,0.4,2.7,46.9,5.1,0.2,2.1,47.8,44.1,60.7,143874,166973,149800,2.5,27.8,48359,25763,17.2,2275,5.2,757.07,7.7,77.9,61097,21.0,51.5,33288,384504,401566,4.4,507.9,7336,31506,43676,12127,0.6,2.7,23.1,1.2,0.0,27370,27.5
2544,Brewster County,TX,19.4,19.6,6.3,36.1,84.8,939,2436,-9.8,270,1.7,1.2,1.4,43.1,0.1,1.9,93.6,53.0,60.7,4152,5429,111000,2.18,10.2,40477,27796,12.4,11,5.5,6183.73,39.0,77.1,0,12.5,50.1,696,9232,9173,-0.6,1.5,254,203,868,9461,0.0,0.0,0.0,0.0,0.0,1354,25.2
551,Ada County,ID,12.6,25.1,6.2,36.0,93.6,33207,174796,2.2,12216,0.8,2.6,1.3,7.7,0.2,2.7,92.4,85.5,68.1,151600,167215,183600,2.6,16.8,55210,27452,13.1,3968,5.9,1052.58,8.4,82.5,49423,19.6,49.9,29195,392365,426236,8.6,372.8,7959,60069,58551,15720,1.0,1.3,0.4,2.1,0.0,42344,25.4
2071,Greene County,OH,15.6,20.7,5.5,36.0,92.4,9451,48115,-0.3,3020,0.3,3.1,7.3,2.7,0.1,2.7,86.6,84.4,67.8,62836,69161,158000,2.44,21.2,58080,30040,13.9,250,4.5,413.73,6.2,85.0,9241,20.2,50.8,17876,161573,163820,1.4,390.5,2832,12755,20293,12776,0.0,2.4,0.0,1.4,0.0,12073,30.1
2070,Geauga County,OH,18.0,24.1,5.1,35.9,90.9,10614,27828,0.6,2755,0.1,0.7,1.3,1.4,0.0,0.9,96.9,95.7,86.6,34621,36747,224700,2.68,7.4,67663,34455,8.1,154,3.0,400.16,11.9,93.6,29644,27.6,50.6,6391,93389,94295,0.9,233.4,940,4246,9166,9332,0.0,0.3,0.0,0.4,0.0,13656,20.3
2190,Payne County,OK,11.1,19.4,5.7,35.9,90.0,4790,22120,6.0,1761,5.3,4.5,3.9,4.5,0.1,5.4,80.9,77.3,50.9,30010,35208,130800,2.33,25.9,36812,20868,25.7,303,5.6,684.7,7.0,70.9,10652,17.4,48.9,4701,77350,80264,3.8,113.0,1178,0,8184,10449,0.0,1.3,0.0,0.0,0.0,6544,21.3
2245,Allegheny County,PA,17.4,19.0,5.3,35.9,92.9,74402,696023,0.5,33583,0.2,3.4,13.4,1.9,0.0,2.0,81.0,79.6,65.5,526004,589709,122400,2.26,26.8,51366,31593,12.9,2343,5.0,730.08,6.9,87.1,157252,26.0,51.8,93347,1223348,1231255,0.6,1675.6,25403,181416,200754,16456,0.2,3.1,5.2,1.0,0.0,95698,27.6
2446,Davidson County,TN,11.1,21.5,7.0,35.9,86.4,60225,396610,3.5,18333,0.5,3.4,28.1,9.9,0.1,2.3,65.6,56.9,54.7,256745,292895,167500,2.39,37.2,47335,28467,18.5,6413,11.7,504.03,15.5,79.2,73472,23.3,51.8,38947,626681,668347,6.7,1243.3,22029,119425,105818,17029,0.6,3.4,11.1,2.9,0.1,64653,26.8
1855,Monroe County,NY,15.5,21.5,5.6,35.8,89.6,44014,344253,1.4,17458,0.4,3.6,16.1,8.1,0.1,2.5,77.3,71.5,65.1,297040,323242,136000,2.42,30.4,52394,28732,15.0,1204,8.2,657.21,12.6,85.3,166153,19.6,51.7,43341,744344,749857,0.7,1132.6,10612,67782,84960,11628,0.0,3.5,6.3,2.7,0.0,54820,31.2
2252,Bucks County,PA,16.7,21.4,4.9,35.8,93.3,49858,245793,-1.6,18930,0.3,4.6,4.1,4.9,0.1,1.6,89.4,85.3,78.0,230366,246842,309900,2.68,19.3,76555,37466,5.4,778,8.2,604.31,10.9,92.8,93163,28.3,51.0,40571,625249,626685,0.2,1034.7,9702,98595,130898,21067,0.0,3.5,1.5,2.0,0.0,65114,24.9
775,Tippecanoe County,IN,10.3,20.8,6.2,35.7,90.7,8694,64443,1.3,3369,0.4,7.2,4.9,8.0,0.1,2.0,85.4,78.1,54.2,66667,73901,130900,2.43,32.5,44246,23691,21.6,1055,10.4,499.81,14.4,72.0,0,17.6,48.9,9517,172780,183074,6.0,345.7,3159,4133,20795,12769,0.8,4.4,0.0,3.4,0.0,9383,30.5
1195,Baltimore County,MD,15.8,21.6,6.0,35.7,89.9,62218,310635,-0.5,19782,0.4,5.9,27.8,5.0,0.1,2.3,63.5,59.6,66.5,313912,336992,253300,2.52,27.9,66486,34374,8.9,1004,11.1,598.3,13.1,88.0,92471,28.8,52.7,58028,805029,826925,2.7,1345.5,14141,56093,120748,15341,0.3,6.1,17.3,2.2,0.1,76111,30.7
2806,Addison County,VT,16.9,18.2,4.3,35.6,90.7,3780,12178,-1.9,1139,0.2,1.8,1.0,2.2,0.0,1.9,95.0,93.2,74.1,14164,16941,234500,2.4,14.2,57565,28722,11.3,101,4.1,766.33,5.1,86.4,5389,23.8,49.9,2610,36821,37009,0.5,48.0,481,1014,4648,12657,0.0,0.0,0.0,0.0,0.0,5217,22.1
2861,Hanover County,VA,15.7,22.7,4.6,35.5,92.1,7514,42300,3.3,3077,0.5,1.6,9.6,2.6,0.1,1.6,86.7,84.6,83.4,36927,39863,262000,2.65,8.0,75070,33540,5.1,522,3.4,468.54,4.1,90.1,9262,25.3,51.0,7945,99863,101918,2.1,213.1,1370,34059,17063,17245,1.0,0.0,5.4,1.8,0.0,9992,23.6
2644,Jeff Davis County,TX,29.9,12.0,1.9,35.3,81.1,249,382,2.7,56,1.2,0.4,1.9,33.7,0.0,2.0,94.5,62.7,74.7,989,1616,104300,2.27,2.3,49056,26958,7.4,0,15.4,2264.56,44.8,90.4,0,20.5,49.7,259,2342,2204,-5.9,1.0,70,0,71,3227,0.0,0.0,0.0,0.0,0.0,0,0.0
265,El Paso County,CO,11.5,25.1,6.9,35.2,93.6,45032,221972,3.3,16008,1.3,3.0,7.0,16.3,0.4,4.6,83.7,70.3,63.7,237039,262154,213500,2.6,22.3,57125,28867,12.4,3533,7.2,2126.8,11.6,77.8,0,21.7,49.6,81330,622263,663519,6.6,292.6,11538,28106,79501,13578,0.7,3.0,2.5,4.9,0.1,57475,31.4
216,Placer County,CA,17.8,22.9,5.4,35.1,93.6,29974,129592,3.2,9707,1.1,7.1,1.7,13.5,0.2,4.0,85.9,74.2,70.6,132709,157446,342000,2.66,16.7,72725,34886,8.7,1990,10.6,1407.01,15.0,85.1,30234,26.9,51.2,29780,348432,371694,6.7,247.6,7736,38986,61800,18622,0.0,6.6,1.2,5.3,0.0,36890,28.3
633,Jackson County,IL,13.0,18.0,5.0,35.1,89.7,3149,17040,2.8,1310,0.5,3.9,14.9,4.2,0.1,2.9,77.7,74.5,53.4,23567,28615,100600,2.33,32.6,33479,20527,30.4,130,5.6,584.08,8.7,76.1,1773,18.5,49.8,4349,60218,59677,-0.9,103.1,1083,0,6840,11751,0.0,4.1,0.0,0.0,0.0,4209,28.3
1574,St. Charles County,MO,13.2,24.3,6.1,35.1,93.6,23420,121402,2.6,8092,0.3,2.5,4.7,3.1,0.1,1.8,90.7,87.9,80.3,135974,147221,189100,2.64,15.6,71077,31586,5.8,2646,3.7,560.44,6.2,89.1,65327,24.9,50.9,27143,360485,379493,5.3,643.2,5376,93255,44085,12822,0.2,2.1,2.0,0.8,0.0,28083,27.9
2392,Harding County,SD,15.7,22.4,7.8,35.1,91.9,186,373,-7.2,42,2.2,0.2,0.6,2.1,0.0,1.9,95.1,93.7,74.2,527,733,69400,2.39,1.3,44353,22247,17.6,6,1.8,2671.38,5.5,90.3,0,13.4,48.2,69,1255,1250,-0.4,0.5,8,0,86,7458,0.0,0.0,0.0,0.0,0.0,318,0.0
2928,Fredericksburg city,VA,10.1,20.3,7.2,35.1,90.3,1742,20593,1.7,1313,0.8,3.0,24.1,10.9,0.1,3.7,68.4,60.0,38.1,9779,11469,314300,2.38,47.5,47040,27222,18.6,23,8.9,10.44,11.8,70.4,0,25.0,54.5,1934,24286,28350,18.0,2326.2,1715,0,10521,47014,0.0,0.0,5.2,2.2,0.0,2765,28.4
2931,Harrisonburg city,VA,8.1,16.2,5.3,35.1,81.5,2446,23777,-7.7,1559,0.7,4.0,8.4,18.6,0.2,2.6,84.1,68.1,36.2,15701,18065,208100,2.7,42.1,38048,17080,33.5,152,14.7,17.42,21.8,66.7,7463,15.7,52.1,1646,48914,52478,7.3,2808.2,1686,3784,14653,33306,0.0,0.0,0.0,0.0,0.0,3693,27.4
378,Seminole County,FL,14.3,21.4,5.2,35.0,91.8,38346,152363,1.6,12639,0.4,4.1,12.2,19.2,0.1,2.5,80.6,63.6,70.5,147529,185882,184300,2.87,25.3,58175,28675,11.3,967,11.8,309.22,18.8,86.9,16347,26.3,51.6,30528,422718,442516,4.7,1367.0,7641,28526,68721,16831,0.3,3.4,5.4,11.2,0.0,46725,28.8
1769,Hillsborough County,NH,13.9,21.7,5.4,35.0,90.8,27576,173304,1.7,10764,0.3,3.8,2.6,6.0,0.1,1.8,91.4,86.4,67.4,154324,167418,249900,2.55,35.1,69829,34390,8.6,968,8.5,876.14,12.9,86.6,77076,26.7,50.4,30692,400721,405184,1.1,457.4,7323,38731,76472,18989,0.0,2.7,0.9,2.0,0.1,37748,26.3
2266,Delaware County,PA,15.0,22.4,6.0,35.0,91.8,38838,210571,2.0,12628,0.2,5.4,21.2,3.5,0.0,2.0,71.1,68.6,70.6,204771,221921,234100,2.62,24.7,64041,33179,10.3,435,9.3,183.84,11.6,90.0,190603,27.7,52.0,34153,558979,562960,0.8,3040.5,7794,42199,63584,11456,0.0,5.5,8.4,0.0,0.0,47789,28.4
309,Hartford County,CT,15.6,21.7,5.4,34.9,88.1,56271,446375,1.2,22613,0.5,5.1,15.2,17.0,0.1,2.3,76.8,63.4,65.5,347874,374695,241500,2.49,38.4,64967,34698,11.6,962,14.9,735.1,24.6,87.5,150161,22.1,51.5,52781,894014,897985,0.4,1216.2,16379,156314,138207,15811,0.5,3.9,6.3,4.1,0.0,72906,25.9
865,Polk County,IA,11.7,25.2,7.2,34.9,91.8,30761,243983,2.0,11914,0.4,4.2,6.7,8.0,0.1,2.2,86.5,79.2,69.2,173164,192980,154400,2.48,23.7,59018,30442,11.8,3350,8.5,573.8,12.5,82.2,75199,19.0,50.8,26762,430640,459862,6.8,750.5,8252,66971,67144,16130,0.3,2.1,1.9,1.8,0.1,37950,28.0
2945,Richmond city,VA,11.4,18.4,6.3,34.8,81.5,13688,122120,7.9,6000,0.6,2.4,49.7,6.6,0.2,2.2,44.7,40.2,43.1,84833,100107,196400,2.33,42.8,40496,27184,25.6,551,7.0,59.81,9.8,76.6,101921,21.7,52.3,12126,204214,217853,6.7,3414.7,4768,28433,19227,9583,0.0,3.5,20.9,1.2,0.0,15141,28.6
610,Cook County,IL,12.9,22.6,6.5,34.7,84.5,447401,2286711,2.3,129972,0.8,7.2,24.4,25.0,0.1,1.8,65.8,43.0,58.3,1933335,2175146,231200,2.65,53.8,54548,30183,16.9,7753,21.1,945.33,34.5,86.5,779328,31.7,51.5,213855,5194675,5246456,1.0,5495.1,130943,839645,605855,11571,0.6,6.9,16.4,7.2,0.1,510931,32.3
222,San Diego County,CA,12.7,22.3,6.6,34.6,85.5,246649,1181133,2.0,78379,1.3,11.9,5.6,33.2,0.6,4.3,76.3,46.7,53.8,1076483,1187625,402100,2.83,35.8,62962,30668,14.4,6875,23.4,4206.63,37.4,83.9,275410,24.4,49.8,234211,3095313,3263431,5.4,735.8,95515,337049,387106,13009,1.3,10.0,2.9,15.2,0.3,291124,29.9
1776,Burlington County,NJ,15.6,21.7,5.2,34.6,91.9,26321,179487,1.7,10557,0.3,5.0,17.5,7.5,0.1,2.7,74.4,68.9,77.8,164979,177647,252500,2.65,18.8,78446,36835,5.5,1000,9.5,798.58,12.7,90.6,60722,28.5,50.9,36014,448734,449722,0.2,561.9,6569,150408,70050,15695,0.4,4.7,8.8,0.0,0.0,34702,27.7
591,Teton County,ID,8.6,27.8,7.8,34.4,87.8,1293,1882,5.1,418,0.7,0.5,0.4,17.7,0.2,1.2,97.0,80.4,72.1,3583,5503,222700,2.82,13.7,53931,22436,11.7,28,10.2,449.46,16.1,83.3,0,26.0,48.2,420,10170,10341,1.7,22.6,107,0,840,9987,0.0,0.0,0.0,0.0,0.0,1459,0.0
1143,Lincoln Parish,LA,12.3,20.3,6.0,34.4,85.1,2755,14521,0.3,1018,0.4,1.7,41.6,2.7,0.1,1.2,55.0,53.0,54.7,16877,19732,116900,2.56,23.2,35769,20633,30.4,74,4.8,471.74,4.2,77.2,0,20.8,51.3,2587,46735,47617,1.9,99.1,724,1712,5277,12361,0.0,1.5,0.0,0.0,0.0,3441,24.1
593,Valley County,ID,21.6,18.3,4.3,34.3,92.4,1224,2927,1.4,567,1.1,0.5,0.2,4.4,0.1,1.6,96.5,92.9,77.8,3519,11906,221200,2.7,8.6,50473,25785,9.5,99,2.2,3664.52,7.2,78.6,0,15.4,48.1,1131,9862,9826,-0.4,2.7,432,204,1356,15201,0.0,0.0,0.0,0.0,0.0,2058,10.4
2474,Knox County,TN,14.5,21.5,5.8,34.3,90.2,33182,205667,-0.1,10971,0.4,2.2,9.0,3.9,0.1,2.0,86.3,83.0,65.2,181100,198917,157400,2.35,23.1,47694,28136,14.6,1912,4.7,508.22,6.3,86.8,44708,21.4,51.4,28744,432226,448644,3.8,850.5,9192,74024,82094,19329,0.6,1.9,4.9,1.7,0.0,40476,25.6
414,Cherokee County,GA,11.9,26.0,6.2,34.2,88.9,20922,42481,3.9,4830,0.5,1.9,6.6,10.1,0.1,1.9,89.0,80.1,79.1,76144,85507,190400,2.85,9.7,67261,29615,9.8,2123,8.6,421.67,12.4,87.0,8237,31.9,50.7,14589,214346,230985,7.8,508.3,2468,8489,21149,10373,0.0,1.9,3.3,3.9,0.0,22759,28.1
641,Kendall County,IL,9.0,29.8,7.3,34.2,92.5,7348,21251,0.0,2008,0.5,3.3,6.7,16.9,0.0,1.9,87.6,71.9,83.6,38075,41183,210800,3.05,9.0,81765,31276,4.8,283,9.3,320.34,17.3,88.9,6857,33.3,50.6,5821,114736,121350,5.8,358.2,999,12997,10640,10957,0.0,0.0,3.1,9.3,0.0,8311,32.8
1129,East Baton Rouge Parish,LA,12.4,22.8,6.5,34.2,88.5,36253,249626,6.7,12087,0.3,3.3,46.2,3.9,0.0,1.3,48.9,45.7,61.2,167422,191203,166000,2.57,30.5,48506,27505,19.2,1464,4.9,455.37,8.0,83.7,0,23.0,52.1,25555,440171,446042,1.3,966.6,9982,78601,70430,16353,0.0,2.9,26.9,2.5,0.0,42945,28.7
88,Sitka City and Borough,AK,13.2,22.2,6.1,34.1,91.2,1275,2867,-0.1,382,15.9,6.6,1.1,6.0,0.3,9.1,67.0,63.6,56.2,3554,4122,323200,2.42,27.2,69405,32521,10.0,17,7.7,2870.34,13.3,84.0,0,12.3,48.7,757,8881,8900,0.2,3.1,270,0,949,10875,12.8,0.0,0.0,0.0,0.0,1938,16.3
422,Columbia County,GA,11.8,26.0,6.3,34.1,91.3,8724,26336,1.8,2092,0.4,4.2,16.9,6.2,0.2,2.9,75.4,70.5,78.9,43975,53375,170400,2.9,7.4,69306,30949,8.3,1289,6.8,290.09,9.5,86.8,24112,24.5,51.1,13290,124053,139257,12.3,427.6,1190,3574,14062,12919,0.6,5.7,7.4,3.0,0.0,10081,32.0
2782,Davis County,UT,9.1,33.3,8.9,34.1,95.4,21103,75584,0.2,6499,0.7,2.0,1.4,9.1,0.7,2.5,92.7,84.7,77.7,95238,103628,222600,3.25,15.7,69707,26035,7.9,1512,4.7,298.78,8.8,86.1,49852,22.3,49.6,20019,306479,329692,7.6,1025.8,2742,0,32176,11177,0.2,1.4,0.4,2.7,0.4,25119,25.4
1222,Franklin County,MA,18.2,18.2,4.5,34.0,92.0,5922,19917,2.5,1584,0.4,1.5,1.4,3.8,0.1,2.0,94.6,91.5,68.5,30534,33668,219500,2.29,28.4,53663,29259,12.1,70,4.2,699.32,5.9,86.6,11643,24.5,51.2,5542,71372,70862,-0.7,102.1,803,4601,6910,9628,0.0,0.0,0.0,0.0,0.0,7193,31.2
1269,Kalamazoo County,MI,13.5,22.1,6.0,34.0,92.6,15771,103221,0.6,5507,0.5,2.6,11.4,4.7,0.1,3.3,82.1,78.5,64.7,100072,110316,136700,2.44,27.9,45775,25757,19.1,480,4.8,561.66,7.0,78.8,71458,20.0,51.0,15405,250331,258818,3.4,445.7,4146,12071,28088,11481,0.0,2.1,6.0,0.7,0.0,21093,31.7
2819,Windsor County,VT,20.7,18.8,4.6,34.0,92.7,6103,19669,-31.0,2043,0.3,1.1,0.9,1.4,0.0,1.6,96.2,95.0,69.8,25024,34146,216300,2.21,24.0,52460,30932,10.3,73,3.4,969.34,4.0,87.2,4064,21.8,51.1,5281,56670,56014,-1.2,58.5,1544,3277,6917,12147,0.0,0.0,0.0,0.3,0.0,8768,24.5
252,Chaffee County,CO,23.0,15.8,4.0,33.9,91.1,2113,5367,-3.6,860,1.5,0.8,1.7,10.2,0.1,1.5,94.4,85.4,76.2,7832,10319,262300,2.15,8.3,46504,27182,8.0,105,3.5,1013.4,6.3,86.7,0,14.9,47.2,2264,17809,18363,3.1,17.6,492,235,2525,14982,0.0,0.0,0.0,4.0,0.0,3369,27.8
453,Gwinnett County,GA,8.6,27.8,6.9,33.9,87.0,90033,305293,3.0,21547,0.8,11.5,27.0,20.5,0.1,2.5,58.1,40.6,68.4,266952,298611,171300,3.07,20.2,60445,25932,13.9,3379,24.9,430.38,33.0,85.2,64803,31.6,51.0,39586,805321,877922,9.0,1871.2,12646,288291,138570,17939,1.1,14.2,17.0,9.3,0.2,93820,28.6
317,New Castle County,DE,13.8,22.2,6.1,33.8,89.4,32974,270062,6.4,15452,0.4,5.2,24.9,9.4,0.1,2.3,67.1,59.5,70.0,200739,220118,246300,2.62,22.5,64537,32406,10.7,1908,10.0,426.29,14.6,85.6,202687,24.8,51.6,36340,538479,552778,2.7,1263.2,9991,0,86334,16358,0.0,5.1,10.1,2.1,0.0,43660,26.5
1230,Worcester County,MA,14.1,22.0,5.6,33.8,89.4,49892,281520,0.8,17635,0.4,4.7,5.3,10.5,0.1,2.0,87.5,78.8,65.7,299663,329085,259200,2.59,36.7,65223,31537,11.2,1268,11.3,1510.77,18.2,88.0,107060,27.9,50.7,53990,798552,813475,1.9,528.6,11507,69137,100571,12634,0.0,3.8,2.4,2.8,0.0,64114,28.2
1900,Buncombe County,NC,18.1,19.4,5.3,33.8,89.0,23896,101093,2.8,7399,0.5,1.2,6.5,6.5,0.2,2.0,89.6,83.7,64.5,100838,115680,191200,2.33,18.2,44713,26159,17.1,1312,5.7,656.67,7.4,83.9,32117,20.6,52.0,20486,238318,250539,5.1,362.9,6842,11629,35978,15862,0.0,1.3,1.7,1.4,0.0,29566,27.9
583,Madison County,ID,6.0,27.0,10.0,33.7,94.9,2421,14065,5.5,757,0.5,1.1,0.7,7.0,0.4,1.8,95.6,89.4,49.1,10323,12708,169600,3.53,43.8,32059,15133,35.8,386,4.6,469.21,10.1,60.7,0,17.1,49.7,960,37536,38038,1.3,80.0,320,1619,4076,10971,0.0,0.0,0.0,0.0,0.0,2942,15.2
1148,Orleans Parish,LA,12.1,20.4,6.1,33.7,84.5,34136,164374,4.0,8669,0.4,3.0,59.8,5.5,0.1,1.5,35.3,31.2,47.3,148398,192445,183700,2.32,41.4,37146,26500,27.3,1026,5.9,169.42,9.8,81.7,30889,23.0,52.2,19685,343829,384320,11.8,2029.4,21481,19384,27180,9434,0.7,5.2,28.9,4.1,0.0,27165,30.4
2073,Hamilton County,OH,14.2,23.3,6.6,33.7,88.6,54764,456696,-2.1,20884,0.2,2.4,26.1,2.9,0.1,2.2,69.0,66.7,59.5,327914,376928,144400,2.39,37.0,48593,29681,18.0,1590,4.9,405.91,6.9,83.5,250489,22.7,51.9,52374,802374,806631,0.5,1976.7,17883,130302,106294,12419,0.6,2.3,10.8,0.8,0.0,70352,28.4
1631,Park County,MT,19.5,19.1,4.7,33.6,93.2,2097,4504,2.5,772,1.2,0.4,0.3,2.8,0.1,1.9,96.1,93.7,75.1,6445,9368,204500,2.39,10.3,42426,24611,12.3,34,2.4,2803.06,4.0,89.9,0,22.2,49.8,1386,15636,15880,1.6,5.6,618,262,2089,13036,0.0,0.0,0.0,0.0,0.0,2212,25.7
2972,Kittitas County,WA,14.6,18.1,5.0,33.6,91.1,2363,10225,4.6,1149,1.3,2.3,1.2,8.8,0.2,3.2,91.9,84.2,56.8,16538,22553,244700,2.35,22.0,42982,22796,22.6,283,5.7,2297.27,9.3,70.8,810,21.4,49.7,3622,40915,42522,3.9,17.8,843,0,4727,12316,0.0,0.0,0.0,3.5,0.0,3320,27.1
1228,Plymouth County,MA,16.2,22.5,5.3,33.5,92.1,35386,156526,3.4,11922,0.3,1.5,10.0,3.6,0.1,1.8,86.3,83.7,77.1,179617,202448,332100,2.7,22.7,75092,35220,7.6,1218,8.0,659.08,11.5,90.3,25772,32.4,51.4,35024,494919,507022,2.4,750.9,7945,52535,66150,13463,0.0,2.2,2.8,1.1,0.0,45079,29.2
1619,Jefferson County,MT,18.7,21.0,4.2,33.5,94.3,979,1686,0.4,269,1.7,0.5,0.4,2.3,0.0,2.5,94.8,92.9,85.9,4527,5041,230100,2.46,1.7,60863,30397,7.8,1,1.5,1656.26,1.8,84.6,0,21.1,49.0,1397,11406,11558,1.3,6.9,72,0,398,3584,0.0,0.0,0.0,0.0,0.0,757,0.0
2818,Windham County,VT,19.3,18.9,4.6,33.5,90.8,5101,21909,3.8,1726,0.3,1.1,1.2,2.1,0.1,1.9,95.5,93.7,69.4,19417,29826,206800,2.19,21.8,50234,28867,12.4,91,3.6,785.31,4.3,88.4,3750,21.1,51.0,3787,44513,43714,-1.8,56.7,1384,8671,6607,15120,0.0,1.2,0.0,0.9,0.0,6393,30.2
310,Litchfield County,CT,18.4,19.4,4.2,33.4,91.3,16961,51115,-1.1,4782,0.3,1.8,1.8,5.5,0.1,1.6,94.4,89.9,78.1,75755,87434,263600,2.45,21.0,71338,37667,6.4,145,7.1,920.56,9.8,91.3,0,26.5,50.7,14785,189927,184993,-2.6,206.3,2451,0,24581,13043,0.6,1.5,1.6,1.1,0.0,21435,28.5
2791,Morgan County,UT,11.3,35.4,8.4,33.4,97.6,910,1452,2.5,235,0.4,0.7,0.3,2.7,0.1,0.9,97.6,95.3,89.2,2860,3306,264400,3.39,2.8,80337,26274,4.0,83,1.8,609.2,3.3,91.7,0,26.1,49.1,725,9469,10608,12.0,15.5,56,0,426,5058,0.0,0.0,0.0,0.0,0.0,1191,0.0
2802,Wasatch County,UT,9.4,32.9,7.9,33.4,89.6,2522,5345,6.4,807,0.8,1.2,0.5,12.9,0.2,1.5,95.8,84.2,75.5,7602,11613,307600,3.21,10.4,65050,25777,9.5,436,10.2,1175.5,15.0,86.4,0,23.9,48.6,853,23530,27714,17.8,20.0,388,0,2283,11197,0.0,0.0,0.0,5.1,0.0,3116,19.1
649,McDonough County,IL,14.9,16.6,4.8,33.3,91.7,1570,9442,0.1,680,0.3,2.2,5.4,2.7,0.0,1.8,90.3,88.1,61.0,12620,14390,86400,2.18,25.9,36031,20042,23.1,8,3.4,589.41,5.9,70.6,2487,15.5,50.5,2407,32612,31880,-2.2,55.3,527,0,3381,10221,0.0,0.0,0.0,0.0,0.0,2554,0.0
1212,Talbot County,MD,26.6,18.6,4.6,33.3,89.0,4246,17139,-3.3,1467,0.3,1.5,13.2,6.3,0.2,1.5,83.3,78.1,72.5,16013,20230,327400,2.33,13.6,61597,38022,8.6,43,5.2,268.54,7.9,89.3,0,25.8,52.6,4164,37782,37643,-0.4,140.7,1049,2526,7118,19732,0.0,0.0,0.0,0.0,0.0,5247,24.6
1770,Merrimack County,NH,16.1,19.9,4.8,33.3,92.1,10928,60018,-0.9,4031,0.3,1.9,1.4,1.9,0.0,1.4,95.0,93.4,72.2,56812,63643,231000,2.47,24.4,65353,31310,8.7,312,3.9,934.12,5.2,86.7,15396,25.7,50.7,12976,146445,147171,0.5,156.8,2235,28123,26056,17536,0.0,1.2,0.0,0.9,0.0,15444,24.6
2568,Comal County,TX,17.4,23.1,5.7,33.3,89.4,11588,40920,5.8,3093,0.8,1.0,2.3,26.6,0.1,1.7,94.1,69.0,76.1,41954,51427,205000,2.64,11.0,65839,32980,10.2,2075,6.2,559.48,17.1,84.7,10936,29.9,50.7,12595,108472,123694,14.0,193.9,1844,9606,15397,14632,0.0,0.0,0.0,10.3,0.0,12349,25.8
1209,Queen Anne's County,MD,17.3,22.3,5.3,33.2,91.7,4621,11508,3.8,1348,0.4,1.1,6.9,3.4,0.0,1.7,89.8,86.9,84.5,17292,20765,348100,2.75,6.4,87256,38108,8.1,173,3.3,371.91,5.6,90.2,2387,33.9,50.3,4180,47798,48804,2.1,128.5,1030,2129,6182,13203,0.0,0.0,0.0,0.0,0.0,5701,31.3
1930,Guilford County,NC,13.8,22.8,6.1,33.2,87.9,37997,252208,2.0,13194,0.7,4.6,34.0,7.6,0.1,2.2,58.4,52.3,61.0,196463,223183,156000,2.44,28.0,45431,26461,18.1,2339,9.7,645.7,12.5,85.1,239403,21.1,52.5,31377,488406,512119,4.9,756.4,10445,112953,72526,15600,0.9,4.2,16.7,3.0,0.0,45272,29.2
1997,Burleigh County,ND,14.5,22.7,6.6,33.2,93.4,6982,46571,4.1,2951,4.1,0.7,1.2,1.9,0.1,1.7,92.3,90.8,71.2,34703,39998,172800,2.34,28.5,61811,32876,8.2,1254,1.4,1632.65,4.8,84.2,0,18.8,50.2,6430,81308,90503,11.3,49.8,1701,8890,14010,18153,0.6,0.0,0.0,0.0,0.0,7856,23.9
2719,Roberts County,TX,18.6,24.7,4.2,33.2,92.6,76,0,0.0,14,0.3,0.2,0.5,10.9,0.0,2.4,96.6,86.4,90.1,374,439,104600,2.75,0.0,67321,36172,3.0,0,1.4,924.06,3.3,87.1,0,15.6,50.8,35,929,928,-0.1,1.0,0,0,0,0,0.0,0.0,0.0,0.0,0.0,0,0.0
2849,Fauquier County,VA,14.9,23.9,5.6,33.2,91.4,5671,17008,2.9,1809,0.5,1.5,8.2,7.2,0.1,2.4,87.3,81.0,80.1,23130,26226,350600,2.84,7.3,88409,39600,5.6,267,5.8,647.45,8.5,90.5,1596,39.2,50.5,6424,65203,68248,4.6,100.7,1043,0,8530,12845,0.0,0.0,3.7,3.5,0.0,7687,31.4
1184,Lincoln County,ME,25.3,17.6,4.1,33.1,93.0,4587,8512,0.8,1394,0.4,0.8,0.5,1.0,0.0,1.2,97.1,96.3,83.5,14817,23668,208000,2.28,6.1,50181,28070,11.7,56,2.4,455.82,3.8,91.3,1226,25.2,51.0,3669,34457,34170,-0.8,75.6,720,657,4332,12412,0.0,0.0,0.0,0.8,0.0,6598,22.4
1437,Lamar County,MS,11.6,25.8,6.9,33.1,90.3,4149,16441,0.8,1283,0.3,1.3,20.6,2.5,0.1,1.2,76.4,74.4,65.8,21678,24261,163900,2.6,22.3,51154,26345,17.4,0,2.2,497.06,3.3,80.6,0,24.9,51.8,3884,55658,60099,7.9,112.0,1034,0,9918,20858,0.0,1.2,0.0,0.0,0.0,5219,22.4
1743,Wayne County,NE,14.1,19.5,5.7,33.1,94.0,587,3178,2.4,252,0.7,0.6,1.9,5.6,0.1,1.3,95.3,90.4,64.5,3401,3841,103200,2.41,18.8,52147,24448,15.0,35,3.5,442.92,5.5,77.3,1800,14.7,49.2,802,9595,9431,-1.7,21.7,93,519,794,8580,0.0,0.0,0.0,0.0,0.0,838,0.0
1861,Onondaga County,NY,15.3,21.9,5.8,33.1,89.9,26955,215260,-0.4,11764,0.9,3.6,11.7,4.6,0.0,2.9,80.9,77.8,65.4,184855,204447,132300,2.43,32.1,54242,28746,14.8,956,7.1,778.39,10.2,84.9,72515,19.6,51.7,30551,467026,468196,0.2,600.0,7842,171215,63630,14048,0.6,3.3,4.1,2.0,0.0,36708,28.6
2896,Roanoke County,VA,19.6,20.8,4.8,33.1,90.9,5430,28903,-3.0,2015,0.2,3.2,5.8,2.7,0.0,1.7,89.0,86.8,76.7,37928,40588,193700,2.39,16.6,60795,31728,6.6,219,5.2,250.52,6.9,86.9,8960,20.3,52.0,8535,92376,93785,1.5,368.7,1126,5046,8356,9281,0.0,3.3,0.0,0.9,0.0,7222,30.0
1181,Hancock County,ME,21.5,17.4,4.3,33.0,92.5,7451,16236,-2.7,2191,0.5,1.1,0.7,1.3,0.0,1.3,96.3,95.2,74.2,24355,40474,198300,2.17,8.5,47460,27797,14.0,183,3.0,1586.89,3.0,88.5,5990,22.8,51.2,5513,54418,54696,0.5,34.3,1674,2566,8199,15363,0.5,0.6,0.0,0.0,0.0,8513,24.1
3103,St. Croix County,WI,12.2,25.9,6.2,33.0,94.9,6209,27935,6.5,2133,0.5,1.0,0.7,2.3,0.0,1.4,96.4,94.4,77.8,32114,34691,206900,2.62,15.6,68426,32220,7.6,292,2.1,722.33,3.5,87.3,13472,27.9,50.1,5830,84345,86759,2.9,116.8,1108,19869,9334,11509,0.0,0.6,0.0,0.3,0.0,8287,25.4
247,Archuleta County,CO,22.9,18.3,4.9,32.9,91.7,1892,2965,8.1,490,3.3,1.1,0.5,18.6,0.1,2.4,92.7,76.9,73.7,4881,8943,279700,2.45,12.6,48933,29793,9.7,75,3.3,1350.18,10.7,87.7,0,19.6,49.9,1162,12084,12244,1.3,8.9,331,87,1426,11435,0.0,0.0,0.0,0.0,0.0,2521,17.4
312,New Haven County,CT,15.6,21.1,5.3,32.9,88.3,57091,331081,1.6,19431,0.5,4.2,14.2,16.8,0.1,2.2,78.8,65.0,63.7,328013,362262,256900,2.54,40.2,61996,32523,12.4,1140,11.7,604.51,21.4,88.0,104930,24.0,51.8,51106,862477,861277,-0.1,1426.7,13458,98907,117853,13970,0.5,3.7,5.0,4.4,0.0,74477,28.2
1277,Livingston County,MI,14.7,23.1,5.0,32.9,94.4,14183,47463,0.9,4159,0.4,0.9,0.6,2.2,0.0,1.3,96.7,94.8,85.1,67691,74217,183100,2.68,9.1,72359,32129,6.2,736,3.0,565.25,3.8,89.7,27157,31.4,50.0,12150,180967,185596,2.6,320.2,1809,12932,20597,11260,0.4,1.5,0.3,0.0,0.0,17856,29.1
1841,Dutchess County,NY,15.5,20.2,4.8,32.9,89.6,20656,92683,1.4,7512,0.5,3.9,11.1,11.6,0.1,2.3,82.1,72.7,69.6,107830,119119,289400,2.59,28.5,72525,33594,9.0,358,11.8,795.63,15.3,88.0,38230,31.2,50.2,18958,297488,296579,-0.3,373.9,4246,9823,35992,12334,0.0,0.0,5.1,0.0,0.0,26974,32.3
1879,Suffolk County,NY,15.2,22.2,5.4,32.9,89.9,123386,557995,1.5,48689,0.6,4.0,8.3,18.2,0.1,1.8,85.2,69.3,80.0,497347,570418,383400,2.95,14.2,87763,36945,6.4,1217,14.5,912.05,20.8,93.0,190897,30.7,50.7,83254,1493350,1502968,0.6,1637.4,23763,382089,233199,15426,0.4,4.3,4.5,7.1,0.0,159640,27.0
2950,Virginia Beach city,VA,12.3,22.8,6.7,32.9,93.6,27597,149848,0.7,10720,0.5,6.8,20.0,7.7,0.2,4.0,68.6,62.9,64.2,164944,182131,267600,2.62,23.0,65219,31934,7.9,1208,8.7,249.02,11.7,82.2,18064,22.9,50.8,61100,437994,450980,3.0,1758.9,10742,28350,55799,12853,0.7,6.5,9.4,2.4,0.0,34768,31.6
69,Anchorage Municipality,AK,8.9,24.9,7.4,32.8,92.5,19252,152377,4.5,8609,8.2,9.2,6.3,8.9,2.4,7.8,66.1,59.7,60.6,105208,114332,282800,2.73,33.6,77454,36214,7.9,770,9.4,1704.68,17.3,79.5,0,19.4,48.6,30292,291826,301010,3.1,171.2,9333,29140,44827,16096,5.7,5.3,2.5,3.1,0.0,26726,30.2
269,Grand County,CO,13.9,18.4,4.2,32.8,94.4,1803,7582,5.5,797,0.8,0.9,0.5,8.0,0.1,2.0,95.6,88.8,74.9,5227,16724,282000,2.72,30.4,64664,31684,11.1,137,4.7,1846.33,9.6,83.8,0,18.8,47.0,1467,14843,14546,-2.0,8.0,738,51,1931,14227,0.0,0.0,0.0,0.0,0.0,2624,22.5
258,Custer County,CO,29.0,14.6,2.5,32.7,94.6,655,543,7.3,143,0.8,0.6,1.2,5.3,0.0,1.6,95.9,91.2,80.6,2048,4167,216200,2.06,5.1,32427,25761,14.6,43,2.1,738.63,5.9,84.1,0,34.7,49.1,790,4255,4361,2.5,5.8,55,0,587,14820,0.0,0.0,0.0,0.0,0.0,0,0.0
1198,Carroll County,MD,15.3,22.5,4.9,32.7,91.5,11771,49243,1.1,4255,0.2,1.7,3.6,3.0,0.0,1.6,92.8,90.2,82.2,59909,63150,325900,2.73,11.5,84790,36153,5.6,355,3.5,447.6,4.9,93.4,10951,34.8,50.6,13155,167134,167830,0.4,373.4,2038,5561,21417,12645,0.5,1.6,2.1,2.2,0.0,15984,27.2
1204,Harford County,MD,14.6,23.0,5.5,32.7,92.4,15918,69217,1.9,5319,0.3,3.0,13.4,4.2,0.1,2.5,80.7,77.4,80.2,90708,98234,281800,2.7,15.1,80622,35425,7.4,860,4.9,437.09,7.2,90.7,20160,31.8,51.0,21099,244826,250105,2.2,560.1,3618,18713,33802,14066,0.0,3.7,9.2,0.0,0.0,20260,34.3
1626,Madison County,MT,26.3,15.7,3.8,32.7,94.8,1005,1980,1.9,362,0.6,0.4,0.5,2.9,0.0,1.7,96.8,94.3,76.1,3542,6916,239600,2.1,16.7,47762,33062,8.7,4,2.3,3587.48,2.3,86.1,0,21.7,47.5,798,7691,7820,1.7,2.1,149,0,489,6628,0.0,0.0,0.0,0.0,0.0,1074,0.0
2007,Grand Forks County,ND,11.2,20.4,6.7,32.6,92.5,3920,32196,1.2,1900,2.8,2.3,3.5,3.8,0.1,2.5,88.8,85.7,52.6,27465,31341,152100,2.28,39.8,46745,27026,16.0,931,4.2,1436.38,5.9,77.4,5652,13.7,48.5,5258,66861,70138,4.9,46.5,1411,7342,12382,18742,0.8,0.7,0.6,0.5,0.0,5228,27.6
40,Lee County,AL,10.3,21.6,5.8,32.5,86.7,9361,38782,3.4,2500,0.4,3.3,23.7,3.9,0.1,1.5,70.9,67.7,61.7,55864,65566,146900,2.49,23.8,43542,23506,22.0,943,5.1,607.54,6.9,76.4,0,21.4,50.7,10045,140247,154255,9.9,230.8,2012,0,14516,11099,0.0,2.0,16.2,0.0,0.4,10319,28.2
678,Sangamon County,IL,15.5,23.0,6.0,32.5,92.0,12256,81996,-1.3,5074,0.2,1.9,12.4,2.2,0.0,2.3,83.2,81.4,70.0,82807,90538,126200,2.35,19.1,55449,29974,14.2,431,3.5,868.3,5.2,84.4,0,18.9,52.0,15997,197465,198997,0.8,227.4,3668,18412,28626,14768,0.0,0.0,6.0,0.0,0.0,17195,28.1
2264,Cumberland County,PA,17.0,20.3,5.3,32.5,91.1,14747,114225,-1.1,5733,0.2,3.8,3.8,3.4,0.0,1.9,90.2,87.5,71.1,95286,102907,184500,2.35,19.4,60826,31791,8.3,879,5.3,545.46,7.8,84.8,34726,21.2,50.6,20999,235406,243762,3.5,431.6,4027,36577,36849,16179,0.0,2.4,1.5,0.0,0.0,19279,22.5
369,Palm Beach County,FL,22.7,19.5,5.1,32.4,87.5,151331,466399,3.7,44234,0.6,2.7,18.8,20.7,0.1,1.7,76.1,57.3,71.2,526007,674844,199700,2.51,40.6,52432,32858,14.5,5066,22.6,1969.76,28.4,85.0,42406,24.5,51.6,99057,1320134,1397710,5.9,670.2,30886,120175,193216,15278,0.5,3.1,8.9,14.4,0.0,163433,27.8
650,McHenry County,IL,12.1,25.0,5.5,32.4,92.1,21914,84168,-2.4,7693,0.5,2.8,1.4,12.4,0.1,1.4,93.8,82.2,82.3,108852,117051,220500,2.82,11.5,76145,32341,7.7,558,9.4,603.17,14.3,91.3,52912,33.7,50.1,17482,308760,307283,-0.5,511.9,3655,23911,35785,11372,0.3,3.3,0.7,3.0,0.0,28523,29.9
1792,Sussex County,NJ,14.8,21.6,4.6,32.4,93.4,10930,31594,-0.2,3267,0.2,2.0,2.2,7.3,0.0,1.5,94.2,87.5,84.7,54746,62204,285800,2.67,13.4,87335,37949,5.7,222,7.3,519.01,9.9,92.7,0,37.7,50.4,9652,149265,144909,-2.7,287.6,1724,0,17223,11359,0.0,2.5,0.0,0.0,0.0,14840,25.8
2894,Rappahannock County,VA,23.8,17.6,3.7,32.4,83.0,934,1012,-3.6,183,0.2,0.8,4.6,3.4,0.1,2.0,92.4,89.2,78.3,3261,3950,394800,2.27,1.1,56438,36505,10.8,22,5.2,266.23,5.0,92.2,0,35.4,50.2,697,7373,7361,-1.9,27.7,199,0,219,3042,0.0,0.0,0.0,0.0,0.0,1270,0.0
214,Nevada County,CA,23.4,17.8,4.2,32.3,94.3,11651,26259,3.1,2966,1.2,1.4,0.6,9.2,0.2,3.0,93.6,85.6,72.6,40991,53080,357300,2.38,10.1,57353,32346,12.0,290,6.0,957.77,7.7,86.2,6646,24.6,50.8,10085,98764,98893,0.1,103.1,1994,0,10771,11111,0.0,0.0,0.0,0.0,0.0,14492,28.7
693,Will County,IL,11.2,26.7,6.1,32.3,90.5,43952,204956,4.5,14384,0.4,5.4,11.8,16.6,0.1,1.8,80.6,65.3,82.9,222652,239824,219400,3.02,12.3,76147,30377,8.0,1185,11.7,836.91,19.9,91.3,136282,32.8,50.4,34224,677560,685419,1.2,809.6,14049,110617,68414,10211,0.0,5.2,6.9,5.3,0.0,53097,29.4
913,Ellis County,KS,13.8,21.9,6.9,32.3,92.7,2814,12848,-3.1,1140,0.4,1.4,1.0,5.7,0.1,1.6,95.5,90.3,62.9,11824,13060,138400,2.32,23.6,43085,24291,16.2,69,2.6,899.91,7.1,76.2,0,13.1,49.7,1997,28452,29013,2.0,31.6,721,1449,4974,18264,0.0,0.0,0.0,0.0,0.0,3551,18.5
1188,Sagadahoc County,ME,19.5,19.5,4.7,32.3,93.4,3109,12658,-2.8,903,0.4,0.9,0.8,1.5,0.0,1.7,96.2,94.9,76.1,15022,18414,189700,2.32,15.0,56733,28829,11.1,97,2.2,253.7,4.3,88.0,0,23.4,51.5,4046,35293,35045,-0.7,139.1,515,1138,4155,11359,0.0,0.0,0.0,0.0,0.0,4666,24.8
1286,Midland County,MI,16.4,21.9,5.2,32.3,92.2,4875,36377,-1.0,1747,0.5,2.4,1.4,2.5,0.1,1.4,94.2,92.0,75.4,33717,36274,128600,2.45,14.7,53076,29536,13.4,262,3.8,516.25,4.9,85.4,28212,19.9,50.8,5991,83629,83427,-0.2,162.0,1080,0,8692,10524,0.0,2.3,0.0,0.0,0.0,6488,30.5
2807,Bennington County,VT,21.2,19.5,4.7,32.3,90.1,3637,15194,3.2,1403,0.4,0.9,1.0,1.8,0.1,1.3,96.4,94.9,70.6,15442,20935,214800,2.29,20.2,50221,29196,13.9,35,2.6,674.98,4.2,88.1,5716,19.0,51.5,3327,37125,36445,-1.8,55.0,1066,0,8330,22861,0.0,0.0,0.0,0.6,0.0,4812,24.8
2987,Thurston County,WA,15.2,22.1,6.1,32.3,92.9,13931,64870,0.3,5840,1.7,5.7,3.4,8.4,1.0,5.2,82.9,76.3,66.8,100801,111807,244900,2.5,17.7,62229,29744,11.7,1003,7.6,721.96,10.8,81.6,8700,24.7,50.9,29091,252264,265851,5.4,349.4,3466,10033,31029,12999,2.1,5.7,0.0,3.4,0.0,20125,29.8
234,Sonoma County,CA,16.7,20.6,5.3,32.2,86.7,43454,152105,2.9,13370,2.2,4.3,1.9,26.1,0.4,3.8,87.4,64.6,60.1,185660,207232,407400,2.57,19.1,63356,32835,11.9,663,16.6,1575.85,25.5,85.3,58418,25.3,51.0,33151,483878,500292,3.4,307.1,10054,39535,64271,13929,1.0,0.0,0.0,7.8,0.0,52458,30.4
728,Hendricks County,IN,12.3,25.9,6.0,32.2,93.5,10069,51362,2.4,2954,0.3,2.5,6.0,3.5,0.1,1.7,89.4,86.4,82.4,52946,58326,159800,2.75,11.2,68297,29830,5.0,1145,4.2,406.91,5.7,87.9,28194,25.9,50.2,10552,145448,156056,7.3,357.4,2276,25207,20886,15496,0.0,3.8,2.4,0.9,0.0,11771,25.0
2424,Union County,SD,15.5,25.4,6.1,32.2,92.7,1301,8302,-0.5,497,0.7,1.1,1.1,3.2,0.1,1.5,95.6,92.7,75.2,5758,6658,150300,2.51,17.9,63468,36167,4.4,189,1.8,460.54,3.8,87.9,0,18.3,49.4,1225,14399,15029,4.4,31.3,197,0,3041,21752,0.0,0.0,0.0,0.0,0.0,1142,18.1
547,Honolulu County,HI,15.8,21.5,6.5,32.1,90.3,60220,347954,2.1,21173,0.4,42.4,3.1,9.5,9.4,21.6,23.1,19.6,55.5,309803,343017,556300,3.0,44.2,72764,30361,9.8,1578,19.6,600.74,27.8,84.6,82018,27.2,49.2,82157,953207,991788,4.0,1586.7,41238,73771,115183,12817,0.0,56.6,1.1,3.3,9.1,74069,32.1
1365,Nicollet County,MN,13.9,21.9,5.6,32.1,93.4,2169,11975,2.4,632,0.4,1.5,2.4,4.2,0.0,1.4,94.3,90.5,74.0,12192,13196,169800,2.47,18.9,60115,26674,10.6,98,3.3,448.49,6.2,83.5,8723,16.0,49.8,1961,32727,33093,1.1,73.0,255,1942,1648,5186,0.0,0.0,0.0,0.0,0.0,2858,27.6
1795,Bernalillo County,NM,14.2,22.9,6.3,32.1,87.4,38835,248438,-0.3,15800,5.8,2.7,3.4,49.0,0.2,3.0,84.9,40.2,63.2,263135,288400,186800,2.5,24.5,48801,26814,18.0,1525,10.9,1160.83,31.0,83.8,0,21.6,51.0,55419,662564,675551,2.0,570.8,13980,61349,93961,14942,2.6,3.6,1.8,24.0,0.1,53235,31.4
2539,Borden County,TX,20.6,21.6,5.4,32.1,92.1,57,0,0.0,6,0.9,0.2,0.6,16.9,0.0,2.6,95.7,80.8,66.7,225,385,100000,2.88,1.7,71607,50042,0.9,0,1.1,897.44,5.7,86.7,0,24.7,46.5,50,641,652,1.7,0.7,0,0,0,0,0.0,0.0,0.0,0.0,0.0,0,0.0
2944,Radford city,VA,7.9,13.3,3.8,32.1,86.7,611,4693,-11.9,314,0.2,2.4,9.1,3.2,0.1,2.2,86.0,83.2,46.2,5516,6558,144000,2.49,38.7,30714,16181,37.7,10,4.1,9.87,6.7,60.9,0,18.7,52.5,918,16408,17646,7.5,1662.1,362,302,1096,6789,0.0,0.0,0.0,0.0,0.0,805,22.2
194,El Dorado County,CA,18.0,20.9,4.4,32.0,93.2,15627,40712,2.2,4236,1.3,4.0,1.0,12.7,0.2,3.6,89.8,78.7,74.8,67885,88866,359500,2.64,11.8,69297,34884,9.0,190,8.7,1707.88,12.5,85.5,6622,28.8,49.9,16792,181058,183087,1.1,106.0,3017,3636,16197,9216,0.0,2.4,0.0,6.5,0.0,21265,26.9
291,Park County,CO,16.2,16.7,3.7,32.0,95.6,1720,1196,2.3,434,1.3,1.1,0.6,6.2,0.0,2.3,94.6,89.5,88.5,7038,14171,247300,2.27,1.2,61570,31504,9.1,88,3.4,2193.85,3.8,87.0,0,44.2,47.3,1992,16206,16345,0.9,7.4,110,34,554,3266,0.0,0.0,0.0,0.0,0.0,2313,28.0
1780,Essex County,NJ,12.4,24.2,6.7,32.0,83.5,60582,287991,-0.5,18765,0.7,5.3,41.9,22.1,0.1,2.3,49.7,32.2,45.9,277302,314515,364800,2.76,60.1,55095,32181,16.6,2617,24.8,126.21,33.8,89.4,104226,32.4,51.9,27099,783969,795723,1.5,6211.5,13358,126225,77506,10077,0.5,6.4,21.0,11.4,0.1,67880,30.9
2393,Hughes County,SD,15.1,23.8,7.0,32.0,92.3,1510,6408,-0.9,654,11.0,0.7,1.0,2.8,0.0,2.4,84.9,83.3,67.4,6992,7791,160900,2.33,23.4,59338,30284,11.4,118,1.1,741.56,5.3,80.3,0,10.4,51.0,1316,17022,17642,3.6,23.0,350,2500,2623,15487,0.0,0.0,0.0,0.0,0.0,1919,22.7
1923,Forsyth County,NC,14.4,23.7,6.3,31.9,87.0,24481,156291,3.7,8233,0.8,2.3,27.1,12.6,0.1,2.1,67.5,57.7,64.0,140439,160645,150600,2.45,25.2,45724,26541,18.6,1542,9.2,408.15,14.1,85.2,168814,20.6,52.5,25296,350670,365298,4.2,859.2,6468,45420,52028,14953,0.0,2.0,13.0,3.0,0.0,29162,26.3
2990,Whatcom County,WA,15.4,20.2,5.5,31.9,90.9,14229,69793,1.4,6218,3.2,4.3,1.2,8.9,0.3,3.7,87.3,79.9,63.0,79314,92466,277000,2.5,25.0,51939,26530,16.4,1007,11.4,2106.86,12.5,83.4,118096,20.9,50.4,14744,201140,208351,3.6,95.5,4079,13736,25560,13254,0.0,2.9,0.0,0.0,0.0,19639,24.3
1254,Emmet County,MI,19.7,20.6,4.8,31.8,93.8,3489,14583,7.6,1469,3.8,0.5,0.7,1.6,0.1,2.3,92.7,91.5,77.4,13545,21346,167700,2.39,17.9,50929,29718,10.9,69,2.2,467.49,3.2,86.4,2544,19.3,50.7,2872,32694,33204,1.6,69.9,1083,0,5806,17380,0.0,0.0,0.0,0.0,0.0,4688,24.4
1772,Strafford County,NH,13.8,19.5,5.0,31.8,91.6,7643,35159,-1.6,2536,0.3,3.2,1.2,2.2,0.1,1.9,93.4,91.7,65.6,46968,52403,220600,2.47,30.5,58825,29369,10.5,416,4.6,368.98,7.3,80.5,11859,25.9,51.3,10446,123143,125604,2.0,333.7,1468,3511,16728,13701,0.0,0.0,0.7,0.8,0.0,10289,26.8
1793,Union County,NJ,13.0,23.9,6.5,31.8,85.3,39104,200810,0.1,13669,0.7,5.4,23.5,30.0,0.1,1.9,68.4,42.3,60.4,185483,201580,362300,2.88,43.5,68507,35089,10.8,1966,29.2,102.86,41.9,89.3,185746,29.4,51.2,20109,536499,552939,3.1,5216.1,7480,129486,73121,14069,0.5,5.7,13.1,14.6,0.0,48019,25.9
1979,Union County,NC,11.3,28.6,6.0,31.8,87.8,15681,47496,3.3,4097,0.6,2.2,12.1,11.0,0.1,1.8,83.2,73.5,82.1,68211,76520,194300,2.98,5.3,65892,28894,9.4,1425,9.1,631.52,13.0,88.1,0,29.2,50.6,12132,201292,218568,8.6,318.7,0,12327,16998,9214,0.2,1.8,4.9,2.9,0.0,18189,24.4
2210,Clackamas County,OR,16.2,22.2,5.3,31.8,92.4,28103,132173,6.1,11118,1.1,4.2,1.0,8.4,0.3,3.2,90.2,83.1,68.8,146527,160781,300600,2.58,20.0,64352,32781,9.8,1480,8.3,1870.32,11.8,85.3,56682,26.9,50.8,30645,375992,394972,5.0,201.0,6074,52924,50957,13567,0.6,3.6,0.6,2.7,0.0,36997,28.9
330,Collier County,FL,29.4,18.3,4.8,31.7,85.8,34947,108607,2.0,10622,0.5,1.4,7.2,26.7,0.1,1.1,89.7,64.3,74.1,122972,203070,261300,2.64,48.6,55843,36439,14.1,3610,22.9,1998.32,31.6,84.8,6066,23.6,50.8,30603,321520,348777,8.5,160.9,10371,16490,51864,16546,0.0,1.8,3.3,15.5,0.0,38309,26.8
639,Kane County,IL,11.7,27.1,6.7,31.7,82.8,31570,180958,0.9,12318,1.0,4.0,6.1,31.3,0.1,1.8,87.0,58.1,75.4,170358,184014,223100,3.01,20.1,69530,30082,11.1,1283,18.1,520.06,31.4,87.8,98794,29.3,50.2,24660,515269,527306,2.3,990.8,6808,95895,56882,11482,0.6,4.5,4.1,7.6,0.0,38586,29.9
